food,Nutrition Density
cream cheese,7.07
neufchatel cheese,130.1
requeijao cremoso light catupiry,5.4
ricotta cheese,5.196
cream cheese low fat,27.007
cream cheese fat free,67.679
gruyere cheese,300.694
cheddar cheese,215.53
parmesan cheese,224.777
romano cheese,56.38
parmesan cheese grated,3.745
port salut cheese,928.4
swiss cheese,237.396
goat cheese hard,273.2
gouda cheese,211.424
pepper jack cheese lucerne,13.5
caraway cheese,207.072
gjetost cheese,1095.7
tilsit cheese,301.069
goat cheese,99.494
brick cheese,219.002
asadero cheese,808.175
camembert cheese,129.826
provolone cheese reduced fat,906.9
roquefort cheese,609.4
queso blanco cheese,870.3
queso seco cheese,691
goat cheese soft,51.311
mozzarella cheese,165.648
chihuahua cheese,934.983
limburger cheese,163.575
muenster cheese,1019.4
queso fresco cheese,745.8
brie cheese,70.096
pimento cheese,940.9
mexican cheese,1337
feta cheese,160.058
mozzarella cheese fat free,1128.2
provolone cheese,1070.6
anejo cheese,972.205
honey,18.892
apple butter,11.836
fruit jam,19.919
chocolate hazelnut spread,39.8
peanut butter,15.268
peanut spread,27.3
chicken spread,31.972
cheese spread,267.8
tahini,78.6
orange marmalade,22.119
american cheese spread,97.357
apricot jam,18.91
chunky peanut butter,24.1
ham and cheese spread,38.238
chicken and rice casserole homade,5.7
picnic loaf,23.7
corn tamale,108.1
baked potato with cheese sauce bacon,428.7
chinese egg roll,81.5
butter croissant,66.8
enchilada with cheese beef,292.933
corned beef hash with potatoes,118.6
biscuit with egg cheese bacon,230.2
bagel with ham egg cheese,287.6
quesadilla with chicken,588.7
corn rice,51.9
kung pao chicken,320.1
beef empanada,76.2
frijoles with cheese,240.305
burrito with beef,65.89
crispy chicken sandwich,114.1
enchilada with cheese,65.6
pork egg roll,96.5
corn on the cob with butter,52.078
pancakes with butter syrup,123.319
burrito with beans,109.1
scrambled eggs,44.726
baked potato with sour cream,221.8
turkey and gravy,67.374
chicken egg roll,84.75
vegetable egg roll,84.1
ham cheese roll,26.6
biscuit with ham,239.732
lemon chicken,545.212
hummus,236.1
croissant with egg cheese,307.9
enchirito with cheese beef beans,292.984
sweet sour pork,13.977
crab cake,230.596
egg dinner roll,46.913
english muffin with egg cheese sausage,362.7
buttermilk pancakes,77.568
omelet,14.377
taco with chicken cheese lettuce,161.153
spinach souffle,273.4
english muffin with cheese sausage,294.696
potato gratin,380.7
biscuit with egg,230.3
french fries deep fried,45.364
sweet sour chicken,17.773
burrito with beans beef,326.183
nachos with cinnamon sugar,202.5
arroz con grandules,56.2
chili con carne,66.245
arroz con abichuelas,78.5
biscuit with sausage,125.8
vegetarian stew,149.2
chicken sandwich with cheese,374.2
biscuit with egg steak,210.8
taco salad,189
succotash,109.2
nachos with cheese jalapeno peppers,735
biscuit with egg ham,305.1
ladyfingers,38.1
mozzarella steak fried,126.963
tamale navajo,122
blueberry pancakes,96.631
chimichanga with beef cheese,327.3
egg cheese sandwich,290.4
biscuit with egg bacon,272.958
pupusas con queso,439.9
apple croissant,49.733
refried red beans,156.2
tostada with guacamole,247.853
chicken sandwich,94.051
fried rice,75.203
pupusas del cerdo,119.087
turkey pot pie,139.4
cheese croissant,108.3
chimichanga with beef,153.9
french toast with butter,70.093
ham egg cheese sandwich,284
english muffin with butter,146.209
savoury noodle one pan dinner tandaco,6.7
ham cheese sandwich,205.416
sweet gefilte fish,18.677
poached egg,40.398
tostada with beef cheese,280.498
tostada with beans cheese,259.467
pork tamale,156.766
nachos with cheese,51.581
pulled pork in barbecue sauce,206.7
baked potato with cheese sauce,429.9
baked beans,76.2
arroz con frijoles,109.3
taco with beef cheese lettuce,93.825
burrito with beans cheese beef,103.1
egg mix,4.876
falafel,10.763
taco salad with chili con carne,205.9
wonton wrappers,38.815
hushpuppies,533.994
chicken pot pie,177.7
general tsos chicken,368.673
burrito with beans cheese,324.946
vegetarian fillets,130.3
biscuit with egg sausage,171.757
chicken chow mein,256.797
fruit burrito,64.3
arroz con leche,310
caramel custard flan,351.2
gelatin dessert,49.792
chocolate milk dessert,270.99
chocolate mousse,200.4
dulce de leche,61.415
apple crisp,212.724
spinach spaghetti cooked,87.4
corn pasta cooked,52.3
spaghetti with meat sauce,135.1
pasta with meatballs in tomato sauce,100.474
cheese tortellini,241.181
pasta with sliced franks in tomato sauce,216.154
lasagna,36.675
macaroni cheese,68.319
vegetable lasagna,410.066
spinach egg noodles cooked,85.297
cheese lasagna,381.08
pasta with tomato sauce,45.091
spinach pasta cooked,14.201
vegetable chicken soup,72.737
bean ham soup,154.4
cream of chicken soup,76.9
tomato soup canned,224.932
egg drop soup,48.808
scotch broth,84.4
cream of onion soup,139.473
chicken broth dry,11.198
vegetable soup with beef broth,80.5
chili with beans canned,204
beef noodle soup,68.232
consomme dry,17.2
chicken mushroom soup,57.171
beef vegetable soup,84.9
black bean soup,167.3
split pea soup with ham bacon,49.5
cream of mushroom soup,66.404
green pea soup,145.005
chicken broth soup,31.7
chicken mushroom chowder soup,99.1
chicken dumplings soup,80.269
chicken vegetable soup,68.983
turkey vegetable soup,33
wonton soup,30.692
beef stock,27.6
mushroom barley soup,71.1
gazpacho soup,67.5
beef mushroom soup,52.1
chicken rice soup,68.818
pepperpot soup,49.1
vegetable soup,82.2
chili beef soup,77.607
chicken soup,64.716
bean with frankfurters soup,129.9
pea soup,76.26
turkey soup,86.6
stockpot soup,90.5
hot sour soup,65.954
cheese soup,135.1
cream of potato soup,88.202
bean with bacon soup,91.1
fish stock,14.488
split pea soup with ham,141.2
beef broth soup,18.049
lentil soup with ham,81.4
tomato soup,66.2
fish broth,81.193
chili without beans canned,130.8
minestrone soup,111.1
clam chowder soup,95.69
tomato vegetable soup,36.4
cream of rice coup,38.5
cream of celery soup,116.189
chicken gravy,80.872
tomato rice soup,134.933
vegetable beef soup,34.1
tomato beef noodle soup,100.1
oyster stew soup,72.8
ramen noodle soup dry,106.5
chicken noodle soup,33.513
chicken bouillon dry,9.502
cream of asparagus soup,100.43
turkey noodle soup,55.582
cream of shrimp soup,69.41
bean with pork soup,249.324
chicken broth,33.6
beef broth powder,3.739
split pea soup,91.6
escarole soup,95
chicken stock,25.696
tomato bisque soup,152.913
shark fin soup,43.2
onion soup,87.173
chicken gumbo soup,88.8
crab soup,120.3
tripe soup,75.9
little india little lunch,12.6
original chicken sandwich chick fil a,5.1
sausage mcmuffin mcdonalds,328.5
sausage mcgriddles mcdonalds,166
crispy chicken drumstick kentucky fried chicken,20.632
chicken crispy drumsticks kentucky fried chicken,41.248
biscuit kentucky fried chicken,68.5
english muffin mcdonalds,24.548
french fries mcdonalds,77.129
hotdog,109
french fries burger king,42.635
original taco with beef cheese lettuce taco bell,93.8
hotdog with chili,83.6
chicken crispy wings kentucky fried chicken,40.161
egg white delight mcdonalds,16
french toast sticks burger king,25.5
mcchicken mcdonalds,69.5
nachos supreme taco bell,241
crispy chicken wing kentucky fried chicken,32.851
chicken strips burger king,20.168
crispy chicken breast kentucky fried chicken,74.065
sausage biscuit mcdonalds,141.05
sausage burrito mcdonalds,261.627
onion rings fried,12.551
onion rings burger king,175.4
turkey patty fried,17.934
hotcakes with syrup mcdonalds,259.4
crispy chicken thigh kentucky fried chicken,49.591
corn dog,38.257
chicken box mcdonalds,9.7
potato wedges kentucky fried chicken,110.6
scrambled eggs mcdonalds,50.931
egg mcmuffin mcdonalds,58.5
nachos taco bell,156
biscuit large mcdonalds,132.022
crispy chicken strips kentucky fried chicken,35.9
hotcakes mcdonalds,68.2
chicken crispy breast kentucky fried chicken,103.428
hotcakes sausage mcdonalds,292.7
chicken mcnuggets mcdonalds,8.181
chips chipotle,9.4
biscuit mcdonalds,111.687
rice bowl with chicken,13.178
spaghetti with meatballs,45.656
meat ravioli canned,94.963
cheese ravioli canned,127.3
premium crispy chicken ranch blt sandwich mcdonalds,219.1
steak sandwich,198.9
cheeseburger burger king,201.6
cheeseburger mcdonalds,266
double cheeseburger,119.347
double hamburger,169.626
premium grilled chicken classic sandwich mcdonalds,167.718
big n tasty with cheese mcdonalds,339.7
premium grilled chicken club sandwich mcdonalds,328.1
quarter pounder mcdonalds,233.7
premium crispy chicken classic sandwich mcdonalds,196.9
veggie burger,128.9
quarter pounder with cheese mcdonalds,392.2
beef sandwich steak raw,32
cheeseburger,60.289
premium grilled chicken ranch blt sandwich mcdonalds,181.4
double whopper with cheese burger king,519.2
big mac mcdonalds,365.5
sandwich with cold cuts,166.871
filet o fish mcdonalds,235.3
hand breaded chicken tenders carls jr,3.1
grilled chicken sandwich wendys,8
sandwich with roast beef,135.393
hamburger burger king,54.28
big n tasty mcdonalds,257.7
roast beef sandwich,73.951
roast beef sandwich with cheese,283.72
hamburger,53.859
premium fish sandwich burger king,195.8
whopper burger king,405.8
sandwich with tuna salad,193.569
original chicken sandwich burger king,205.9
double whopper burger king,309.4
premium crispy chicken club sandwich mcdonalds,376.2
hamburger mcdonalds,52.357
pepperoni pizza dominos,226.5
sausage pizza,66.337
pepperoni pizza,64.836
pepperoni pizza pizza hut,206.086
cheese pizza pizza hut,256.272
cheese pizza,61.304
cheese pizza dominos,243.663
meat vegetable pizza,233.148
sucker raw,143.779
northern pike raw,321.946
haddock cooked,52.159
burbot cooked,81.891
pollock cooked,313.428
rainbow smelt raw,23.004
whitefish cooked,100.864
walleye pike raw,209.316
carp cooked,144.989
wolffish cooked,80.3
snapper cooked,118.742
roe cooked,23.609
anchovy raw,49.714
herring raw,157.898
cod raw,82.88
tilapia raw,37.5
whiting cooked,63.037
skipjack tuna cooked,212.936
salmon cooked,190.7
chum salmon cooked,139.8
american shad cooked,144.967
shark cooked,25.548
trout cooked,57.496
swordfish raw,43.072
rainbow trout cooked,22.557
fish sandwich with cheese,235
jellyfish dried,6.517
mullet raw,78.949
halibut cooked,78.934
lingcod raw,82.778
orange roughy cooked,10.146
cisco raw,26.367
florida pompano cooked,69.911
snapper raw,121.32
fish sandwich,109.3
haddock raw,53.952
ocean perch raw,28.835
cuttlefish cooked,66.521
cod cooked,70.534
seatrout raw,89.528
flounder raw,57.837
spot cooked,24.239
walleye pike cooked,209.213
perch raw,61.715
pumpkin seed sunfish raw,49.154
salt mackerel,151.025
mackerel cooked,51.733
tilapia cooked,37.9
drum raw,167.2
atlantic croaker fried,62.209
pumpkin seed sunfish cooked,48.674
wolffish raw,79.9
bluefin tuna cooked,72.4
scup cooked,39.718
herring cooked,158.304
bluefish raw,47.9
sheepshead cooked,121.48
bass cooked,84.379
pout cooked,98.207
chinook salmon raw,240.5
rockfish raw,65.002
tilefish raw,177.901
scup raw,103.111
sablefish cooked,252.4
tuna salad,112.727
coho salmon cooked,66.478
roe raw,9.553
sea bass raw,39.739
pink salmon cooked,69.873
sockeye salmon cooked,102.315
whitefish raw,101.603
greenland halibut cooked,130.404
northern pike cooked,319.506
salmon raw,186.3
turbot cooked,157.453
surimi,9.072
chinook salmon cooked,222.5
mullet cooked,58.866
chum salmon raw,1.025
butterfish raw,15.332
sea bass cooked,40.067
greenland halibut raw,130.06
halibut raw,110.481
sturgeon cooked,59.9
fish fillet fried,58.716
rainbow trout raw,43.047
pout raw,98.078
rainbow smelt cooked,29.428
monkfish raw,7.21
trout raw,57.297
shark raw,17.064
burbot raw,82.309
dolphinfish cooked,71.625
crayfish cooked,20.222
dolphinfish raw,72.1
perch cooked,60.112
cusk raw,37.228
bluefin tuna raw,10.8
milkfish cooked,28.341
carp raw,146.793
sturgeon raw,9.612
orange roughy raw,7.672
catfish fried,74.4
cuttlefish raw,33.734
bass raw,83.837
flounder cooked,22.622
milkfish raw,22.203
eel raw,109
catfish raw,46.7
fish sticks,14.563
coho salmon raw,67.308
monkfish cooked,9.165
yellowtail cooked,201.282
yellowfin tuna cooked,9.861
ling cooked,105.731
eel cooked,19.3
sablefish raw,251.3
salmon nuggets,13.6
yellowtail raw,204.5
butterfish cooked,15.35
caviar,53.325
pollock raw,312.275
catfish cooked,37.141
whiting raw,62.592
pink salmon raw,102.8
yellowfin tuna raw,8.322
mackerel raw,52.063
turbot raw,159.322
cusk cooked,37.306
atlantic croaker raw,28.709
sucker cooked,144.006
spot raw,24.113
drum cooked,166.292
crayfish raw,1.788
tilefish cooked,166.521
bluefish cooked,47.9
grouper cooked,97.6
sheepshead raw,104.93
herring kippered,49.314
grouper raw,125.1
ocean perch cooked,10.368
ling raw,104.862
lingcod cooked,128.139
florida pompano raw,56.69
rockfish cooked,35.955
seatrout cooked,90.142
sockeye salmon raw,148.1
swordfish cooked,34.203
american shad raw,144.868
sardine canned in oil,627.452
anchovy canned in oil,11.106
salmon canned,1020.882
sardines in tomato sauce canned,244.978
sockeye salmon canned,888.6
tuna canned,33.32
pink salmon canned,987.651
cod canned,143.814
eastern oyster canned,113.7
chum salmon canned,1020.805
tuna canned in oil,69.953
wild pink salmon oceans,16
shrimp canned,221.3
alaska king crab raw,124.608
scallops fried,15.698
shrimp cooked,6.398
clams fried,11.464
alaska king crab cooked,118.35
scallops cooked,2.732
squid fried,62.028
oyster raw,19.054
abalone,51.092
queen crab raw,15.607
whelk cooked,54.806
oyster cooked,17.971
eastern oyster cooked,8.598
blue mussels cooked,178.2
octopus raw,23.044
spiny lobster cooked,159.731
blue mussels raw,83.72
queen crab cooked,58.197
dungeness crab cooked,111.171
dungeness crab raw,112.564
shrimp fried,14.433
shrimp raw,3.712
blue crab cooked,16.719
shrimp imitation,12.119
conch baked,163.446
squid raw,16.386
scallop raw,3.417
lobster raw,152.362
scallop imitation,9.105
blue crab raw,23.615
whelk raw,27.678
spiny lobster raw,160.501
clams canned,159.2
lobster cooked,32.314
eastern oyster fried,15.5
clams raw,136
octopus cooked,135.853
eastern oyster raw,9.448
oyster fried,17.861
sturgeon smoked,15.175
chinook salmon smoked,47.038
cisco smoked,15.576
haddock smoked,21.719
whitefish smoked,58.398
red salmon sockeye filets smoked,141.587
eggnog,377.2
beer light,19.456
beer budweiser,2.2
weizenbier erdinger,18
beer light budweiser,1.32
beer,26.436
root beer,52.334
whiskey sour mix,7.914
whiskey sour,16.717
tequila sunrise,65.357
daiquiri,7.243
pina colada,35.877
whiskey,0.127
rum,0.049
vodka smirnoff,2.4
coffee liqueur,14.241
gin,0
dessert wine sweet,22.7
chenin blanc white wine,5
gamay red wine,146.6
late harvest white wine,153.6
gewurztraminer white wine,3.9
burgundy red wine,7.5
zinfandel red wine,4.3
muller thurgau white wine,147.8
mouvedre red wine,146.6
table wine,16.4
wine light,15.7
white wine,17.5
petite sirah red wine,146.4
non alcoholic wine,3.2
pinot noir red wine,3.5
pinot gris grigio white wine,3.1
riesling white wine,5.6
barbera red wine,5.7
lemberger red wine,146.6
merlot red wine,16.3
sangiovese red wine,4
sauvignon blanc white wine,3.1
syrah red wine,3.9
carignane red wine,12.4
pinot blanc white wine,3
semillon white wine,147.7
dessert wine dry,498.8
red wine,16.4
cabernet sauvignon red wine,5.3
muscat white wine,7.9
cooking wine,0.879
chardonnay white wine,22.9
claret red wine,146.5
rice sake,15.6
fume blanc white wine,146.7
cabarnet franc red wine,3.7
chocolate frosting,18.9
white sugar,5.037
egg substitute,210
agave syrup,5.456
splenda sweetener,91.2
vanilla extract,1.213
egg yolk dried,16.368
granulated sugar,4.253
baking chocolate,66.7
bakers yeast,10.078
fondant,27.396
brown sugar,7.622
white frosting dry,209.7
maple sugar,21.961
fructose sweetener,4.274
saccharin sweetener,90.082
egg white raw,6.196
turbinado sugar,5.24
vanilla frosting,403.3
aspartame sweetener,91.381
egg raw,45.156
pineapple topping,259.1
egg white dried,12.343
egg yolk raw,30.27
baking soda,0
egg dried,16.62
strawberry topping,18.34
bakers yeast dry,5.927
almond paste,597
cream of tartar,2.138
popover dry mix,205.3
egg substitute powder,119.1
gelatin powder,7.255
tapioca pearls,169.318
baking powder,272.196
egg boiled,45.338
millet flour,130.4
triticale flour,182.5
corn flour white,267.4
rice flour brown,164.4
sorghum flour,133.3
cornmeal whole grain,128.5
cornmeal white,151.1
barley flour,194.5
safflower seed meal,47.8
sesame flour,336
whole grain wheat flour,163.2
corn flour yellow,122
corn flour whole grain,122
cottonseed flour low fat,163.1
sunflower seed flour,8.557
sesame meal,73.2
acorn flour,170.7
rice flour white,158.4
sesame flour low fat,70.9
potato flour,155.4
cornmeal yellow,151.1
rye flour,112
arrowroot flour,169.3
chickpea flour,135.8
wheat flour,137.5
cornstarch,121.535
carob flour,29.18
buckwheat flour,169.6
pecan pie,137.891
apple pie,77.358
vanilla wafer pie crust,236.2
chocolate pie crust,240.2
apple strudel,53.359
chocolate snack cake,102.459
fruit fried pie,113.776
pumpkin pie,212.686
corn cake,10.437
sponge snack cake,44.404
danish pastry with nuts,115.451
chocolate cream pie,93.8
angel food cake,57.8
lemon meringue pie,91.632
danish pastry with cinnamon,109.897
cinnamon coffeecake,77.089
cheesecake,84.8
fruitcake,48.507
egg custard,360.9
mince pie,154.1
yellow cake with chocolate frosting,161.1
danish pastry with fruit,90.454
white cake with coconut frosting,190.574
danish pastry with cheese,133.666
graham cracker pie crust,233.8
blueberry pie,83.8
yellow cake with vanilla frosting,89.788
pie crust,23.8
chocolate cake with chocolate frosting,154.164
cheese coffeecake,96.831
vanilla cream pie,181.4
pineapple cake,218.024
peach pie,64.447
fruit coffeecake,58.9
pound cake,33.47
pound cake bread,69.1
white cake,153.59
coffeecake with chocolate frosting,99.233
popcorn cake,10.7
banana cream pie,1533.5
baked apple pie mcdonalds,33.3
sponge cake,71.264
yellow cake,150.51
shortcake,78.182
cherry pie,119.444
dutch apple pie,110.281
chocolate cake,130.2
marshmallow,17.445
sugar apple,23.644
toffee,12.023
vanilla fudge with nuts,39.577
peanuts chocolate coated,8.305
caramel with nuts chocolate coated,24.683
gingerbread,106.123
rolo nestle,1.234
vanilla fudge,35.944
halavah,95.618
praline,53.4
fruit juice bar,28.671
peanut brittle,36.343
butterscotch,5.351
chocolate coffee beans,77.127
nougat with almonds,18.658
carob,25.013
peanut butter fudge,21.055
sugar coated almonds,6.936
chocolate coated marshmallow,39.096
raisins chocolate coated,178.329
chewing gum sugarless,2.378
chewing gum,2.973
chocolate syrup,33.955
chocolate fudge syrup,24.726
m ms milk chocolate mars,86.651
milk chocolate with almonds,134.811
chocolate fudge,24.119
milk chocolate with rice cereal,0
m ms peanut chocolate mars,36.623
dark chocolate,31.848
chocolate semisweet,233.9
after eight mints nestle,9.163
milk chocolate,20.464
white chocolate,89.212
chocolate,53.6
twix mars,27.86
kit kat nestle,11.843
snickers mars,54.826
milky way mars,54.438
clif bar,378.2
gum drops,4.418
skittles wild berry mars,100.6
skittles original mars,100.5
skittles tropical mars,100.7
fruit leather,33.811
taffy,14.358
eisbonbons mac iver,0
caramels,23.208
hard candy,6.182
jellybeans,1.216
jellies,16.779
wheat germ toasted,49.3
crispy brown rice,42.6
bran flakes asda,0.8
amaranth cooked,185.2
triticale,243.5
barley raw,16.3
bulgur dry,72.6
cottonseed kernels roasted,313.9
rice bran,213
chaptti roti indian bread,9.551
quinoa cooked,90.6
dar vida swiss original,3.6
teff cooked,197.2
couscous dry,209.3
weetabix weetabix,11.5
oat bran cooked,63.5
buckwheat cooked,57.8
millet puffed,23.1
oat bran raw,65.9
popcorn oil popped,12.109
kamut cooked,92.5
wheat bran,122.1
cheese popcorn,24.284
raisin bran crunch kelloggs,23.6
couscous cooked,58.2
multigrain cheerios general mills,1.248
bulgur cooked,67.9
popcorn air popped,9.7
teff raw,548.9
spelt cooked,93.8
millet raw,215.1
popcorn unpopped,31.1
whole wheat cooked,61.3
wheat sprouted,91.9
whole wheat dry,39.6
caramel popcorn,41.396
wheat puffed,19.2
roggenmischbrot sonnenblumenkerne aldi,3.1
wheat germ,44.4
microwave popcorn,93.352
millet cooked,57.6
kamut raw,180.788
wheat durum,239.7
sorghum,245.6
white wheat,264.3
rye,219
spelt raw,225
buckwheat raw,14.3
honey cereali general mills,5
barley cooked,73.9
oats,16
amaranth raw,26.4
semolina,186.8
quinoa dry,85.7
wheat shredded,76.9
cattail,12.7
peanut granola bar,34.218
vanilla bluberry bar kind,2.3
coconut granola bar,40.5
almond granola bar,32.3
chocolate chip granola bar,43.38
fruit granola bar,24.1
granola bar,34.5
peanut bar,71.9
milk cereal bar,130.334
almond rice bar,52.5
fruit nut squares,14.762
rice wheat cereal bar,27.8
crisped rice bar,33.9
brown rice raw,214.8
rice pilaf cooked,149.399
beef flavored rice raw,227.9
wild rice cooked,51
wild rice raw,191.7
congee with pork shrimp and squid plus egg,0.3
white rice pasta cooked,77.7
chicken flavored rice raw,184.3
instant white rice raw,115.2
rice crisps,43.9
parboiled white rice raw,306.3
instant white rice cooked,62.9
rice pilaf raw,356.56
rice cracker cake,30.9
parboiled white rice cooked,80.7
white rice steamed,57.6
brown rice cake,9.8
glutinous white rice raw,193.3
white rice pasta raw,224.6
glutinous white rice cooked,45.9
brown rice cooked,75.9
beef flavored rice cooked,97.7
white rice cooked,67.5
chicken flavored rice cooked,89.138
white rice raw,224.5
cheese imitation,863.2
cheshire cheese,198.767
monterey cheese,906.7
edam cheese,235.628
fontina cheese,657.4
monterey cheese low fat,854.8
colby cheese,841.3
american cheese,274.886
blue cheese,174.154
nectarine,20.735
kiwifruit gold,159.686
prickly pear raw,39.263
pineapple,13.97
rowan,176.4
muscadine grapes,3.38
heidelbeeren jutro,0.6
prunes stewed,157.8
tangerine,60.8
prunes,118.3
lemon peel,5.934
banana,41.084
raspberries,2.207
apricot,5.334
strawberry guava,4.931
kiwifruit green,13.588
figs,30.4
clementine,10.954
orange,28.073
bartlett pear,57.1
red white currants,106.1
blueberries,26.767
mulberries,2.163
java plum,1.624
prune puree,12.709
applesauce,30.923
blackberries raw,97
plum,9.21
american grapes,0.93
peach,18.643
honeydew melon,61.5
yellow plantain fried,100.5
rose hips,838.4
lemons,53.9
lime,51.6
pomegranate,36.33
gooseberries,24.2
asian pear,27.8
abiyuch,201
horned melon kiwano,62.8
fruit walnut salad mcdonalds,618
grapefruit,16.592
japanese persimmon,38.927
wild raspberries,111.6
pink lady apple,4.1
maraschino cherries,5.19
black currants,285.3
plantain cooked,73.8
crab apple,51.6
pom potes materne,0.4
apple,30.438
cantaloupe melon,17.939
prickly pear cooked,2.226
guava,12.956
strawberries,10.261
japanese persimmon dried,39.4
watermelon,25.025
elderberries,148.2
kumquat,4.882
orange peel,20.111
pokeberry shoots cooked,236.9
breadfruit,73.872
pear,57.4
sour cherries,15.607
plantain raw,102.4
blackberries frozen,83.4
cherries,1.715
plantain fried,3.85
carambola starfruit,9.403
chayote cooked,47.5
apple dippers mcdonalds,238.864
white grapefruit,131.2
cherimoya,54.8
melon balls,45.3
golden delicious apple,18.014
pokeberry shoots raw,13.9
cranberries,7.473
quince,16.436
chayote raw,9.855
orange with peel,259.9
chokecherries,191.9
mango,60.641
wild plum,80.6
jeijoa,176.8
groundcherries,48.8
pesca,0.1
persimmon,32.6
grapes,1.83
rambutan canned,106.7
figs canned,12.491
prunes canned,123.9
pineapples canned,19.255
prune plums canned,13.728
tangerines canned,140.389
fruit cocktail canned,57.508
sour cherries canned,86.3
mangosteen canned,70.3
apricot juice,35.804
strawberries canned,180.9
peach canned,58.587
fruit salad canned,72.531
gooseberries canned,121.7
grapefruit canned,115.7
pear canned,19.566
raspberries canned,122.2
papaya canned,32.371
grapes canned,57.6
apple dried,56.1
peach dried,97.5
plantain chips,40
golden raisins,240
raisins seeded,205.2
zante currants dried,258.1
pear dried,44.2
raisins,26.474
prune plums dried,155.5
cranberries dried,120.036
figs dried,20.461
longans dried,2.804
banana chips,36.2
lychee dried,7.431
apricot dried,9.329
longan,3.493
mamey sapote,142.2
waxgourd cooked,57.8
jackfruit,9.574
loquats,6.236
mammy apple mamey,357
nance,29.436
coconut whole coconut,71.5
prickly pear,14.977
lychee,2.012
naranjilla lulo pulp,23
coconut meat dried,40.2
waxgourd raw,51.4
surinam cherry pitanga,3.056
passion fruit,6.667
sapodilla,107.6
pummelo,14.376
coconut meat,320.7
soursop,127.6
papaya,19.422
acerola cherry,0.707
ohelo berries,28.7
loganberries,91.2
casaba melon,71.2
durian,13.358
coriander leaves raw,16.674
garden cress raw,0.886
pasilla peppers dried,15.4
parsley dried,6.95
ancho pepper dried,28.4
coriander seeds,15.8
dill weed dried,96
borage,121.8
epazote,0.363
chives dried,0.32
thyme fresh,0.545
butterbur,58.6
wasabi root,269.9
rosemary dried,18.079
ginger root,1.028
white pepper,2.514
cloves ground,16.019
paprika,8.206
mace ground,21.1
bay leaf,6.316
eppaw,38.5
tarragon dried,7.752
ginger ground,4.327
savory ground,1.895
black pepper,2.505
spearmint fresh,1.261
poultry seasoning,50
nutmeg ground,6.656
curry powder,7.681
peppermint,0.423
salt,4.329
coriander leaves dried,0.633
sage ground,12.796
garlic powder,3.269
dill weed fresh,1.201
cardamom,10.7
saffron,0.682
allspice ground,15.5
parsley fresh,0.509
oregano dried,126.9
marjoram dried,2.032
chives raw,0.417
fireweed leaves,108.3
rosemary fresh,0.369
garlic,1.253
cinnamon ground,30
chervil dried,28.777
cayenne pepper,0.988
turmeric ground,7.8
mustard,1.046
chili powder,3.182
thyme dried,120.6
spearmint dried,0.649
basil dried,1
dandelion greens cooked,180.2
basil fresh,0.752
dock,12.2
garden cress cooked,124
onion powder,12.389
dandelion greens raw,132.8
yokan,9.059
fava beans cooked,56.778
french beans raw,559.7
chickpeas canned,198.7
yellow beans cooked,81.7
mung beans cooked,69.586
white beans canned,287
pink beans cooked,73.103
pink beans raw,495.1
navy beans raw,543.9
snap beans cooked,16.848
black eyed cowpeas raw,227.3
edamame cooked,49.248
black eyed cowpeas cooked,47.9
hyacinth beans cooked,191.981
cowpeas canned,110.1
pinto beans cooked,77.502
winged beans cooked,305.6
pinto beans raw,434.4
black turtle beans raw,496.1
fava beans raw,333.1
lima beans canned,114.8
hyacinth beans raw,518.8
white beans raw,707.2
snap beans canned,150.2
navy beans canned,217.5
mung beans raw,512.2
adzuki beans raw,328.8
black turtle beans cooked,76.721
pink lentils raw,282.9
yellow beans raw,555.5
white beans cooked,74.959
lentils raw,355.9
cranberry beans cooked,78.8
chickpeas raw,437.3
lentils cooked,75.118
baked beans canned,166.5
cranberry beans canned,165.3
black beans cooked,121.9
lima beans cooked,68.6
mungo beans raw,517
pigeon peas raw,484.3
fava beans canned,129.7
yellow snap beans raw,66.7
snap beans raw,61.9
yellow snap beans canned,82.1
pigeon peas cooked,136.5
catjang cowpeas raw,321.9
navy beans cooked,212.5
mothbeans raw,491.9
cowpeas cooked,25.166
mothbeans cooked,64.6
french beans cooked,73.3
lima beans raw,343.6
winged beans raw,1032
adzuki beans cooked,92.2
black beans raw,444.1
catjang cowpeas cooked,56.7
baby lima beans cooked,58.952
cowpeas raw,108.4
shellie beans canned,28.668
yardlong beans raw,412.2
pinto beans canned,177.7
chickpeas cooked,163.4
cranberry beans raw,470.1
mungo beans cooked,159.5
tamarinds,1.708
yellow snap beans cooked,17.003
yardlong beans cooked,58.2
bacon beef steak,25.4
lamb foreshank raw,204
bacon,14.8
lamb rib cooked,190.1
lamb shank raw,189.6
scrapple,13.63
chicken nuggets,10.792
ground lamb cooked,213.5
lamb meat cooked,153.6
meat extender,275.3
lamb leg raw,206.9
lamb loin cooked,44.9
chicken patty,40.5
lamb shank roasted,136.7
barbecue loaf,20.1
lamb sirloin cooked,152.7
poultry salad,5.781
ground lamb raw,16.2
lamb loin raw,16.8
lamb sirloin raw,229.8
sausage patty mcdonalds,22.7
lamb foreshank cooked,94.7
ham salad,19.6
lamb rib raw,296.2
lamb shoulder raw,251.9
lamb meat raw,225.9
lamb shoulder cooked,175.7
mutton cooked,16.744
lamb leg cooked,145.8
beef stick,31
veal sirloin cooked,128.4
veal rib cooked,121
veal meat cooked,135.1
beef rib roasted,42.8
veal sirloin raw,175.3
beef top loin filet grilled,58.507
beef under blade steak cooked,191.483
mock tender steak raw,77.128
ground beef cooked,62.697
ground beef raw,317.5
beef diced asda,11.2
veal rib raw,189.3
ground veal raw,11.8
t bone steak cooked,170.6
veal leg round raw,135.5
beef top sirloin steak raw,355.6
beef plate steak grilled,85.652
ground veal cooked,149.3
veal leg round cooked,141
porterhouse steak raw,208.7
veal shank raw,196.8
veal breast cooked,151.5
corned beef canned,11.7
rib eye steak grilled,146.262
veal shoulder raw,0
t bone steak raw,198.7
sirloin steak,65.5
mock tender steak cooked,36.2
beef round steak cooked,96.5
chuck blade roast raw,220.5
beef shoulder steak raw,100.218
beef top blade cooked,40.2
corned beef cooked,9.905
beef round steak raw,239.8
beef shoulder steak grilled,42.589
chuck eye steak raw,197.159
beef bottom round steak cooked,235.7
porterhouse steak cooked,45.3
beef under blade steak raw,283.198
beef plate steak raw,120.656
beef meat canned,22.6
beef breakfast strips raw,18.4
beef brisket cooked,106.5
corned beef raw,296.8
beef mince meat asda,9.9
pastrami beef fat free,6.6
rib eye steak raw,149.722
beef tenderloin steak cooked,90
chuck blade roast cooked,167.9
cured beef dried,1.333
beef flank steak cooked,106.5
chuck eye steak grilled,142.79
veal meat raw,190.3
veal loin cooked,21.6
veal loin raw,12.6
veal shoulder cooked,150.2
beef tenderloin steak raw,102
veal shank cooked,139.6
beef brisket raw,205
pastrami beef,28.8
beef flank steak raw,16.3
beef top sirloin steak cooked,111.4
veal breast raw,180.3
beef rib raw,241.7
beef jerky,19.4
beef breakfast strips cooked,9
pork olive loaf,41.265
beef luncheon meat jellied,10
turkey pastrami,13.579
pork salami,7.3
canadian style bacon raw,10.9
honey loaf,47.5
pork beef salami,5.334
beef pork bologna,39.702
pork beef salami cooked,8.2
pork breakfast strips raw,19.4
pickle pimiento loaf,59.105
luxury loaf,18.3
mortadella,9.7
pork bologna,13.4
turkey salami cooked,3.796
pepperoni beef,1.902
peppered loaf,23.7
luncheon meat beef,3.3
lebanon bologna,30.243
chicken pork bologna,71.678
turkey roll,16.4
beef salami cooked,11.8
yachtwurst cooked,33
italian salami,7.2
turkey ham,9.2
turkey bologna,48.096
sliced turkey breast,3.572
luncheon meat pork beef,15.9
beef bologna,12.962
turkey bacon cooked,58.8
ground emu cooked,37.595
ostrich leg raw,26.8
ostrich strip raw,30.4
emu fillet cooked,173.9
ostrich tenderloin raw,30.7
emu drums cooked,198.375
green turtle raw,39.567
ground bison cooked,128.2
goat meat raw,175.7
ground emu raw,44.2
ground ostrich raw,42.3
ostrich tip cooked,33.9
caribou cooked,57.4
ground ostrich cooked,31.712
ostrich leg cooked,34.1
ostrich top loin cooked,27.982
ostrich strip cooked,37
ostrich tip raw,27.3
ostrich round raw,28
ground bison raw,35.102
ostrich fan raw,29.6
ostrich top loin raw,28.7
veal brain cooked,175.5
veal tongue cooked,135.3
beef heart cooked,9.714
turkey liver cooked,47.3
veal thymus cooked,20
beef brain cooked,150.7
beef pancreas cooked,184.8
beef tripe cooked,84.6
chicken gizzard cooked,77.3
pork pancreas cooked,156.1
beef tongue cooked,14.3
lamb heart cooked,117.1
beef spleen cooked,403.3
veal kidneys cooked,132.9
chicken heart cooked,93.286
lamb tongue cooked,156.8
veal heart cooked,115.6
chicken liver cooked,15.238
lamb pancreas cooked,166.4
veal spleen cooked,280.7
lamb liver cooked,234.1
turkey gizzard cooked,26.231
lamp spleen cooked,321.4
turkey heart cooked,12.759
beef liver cooked,37.539
lamb lungs cooked,257.4
pork brain cooked,177.6
goose liver,107.4
pork kidneys cooked,82.7
lamb brain cooked,167.8
pork heart cooked,63.745
lamb kidneys cooked,180.4
beef lungs cooked,221.858
veal pancreas cooked,168.1
pork liver cooked,322.4
beef kidneys cooked,16
turkey giblets cooked,32.643
duck liver raw,37.3
veal liver cooked,43.638
pork lungs cooked,156
veal lungs cooked,197.9
beef thymus cooked,337.3
ham,16.6
pork meat cooked,39.657
bacon roasted,6.516
pork top loin roasts raw,816.574
pork blade roll raw,13.143
pork backribs raw,719.224
pork spareribs cooked,191.598
pork stomach cooked,12.779
honey smoked ham cooked,19
boston butt steak raw,212.848
pork sirloin chops cooked,28.239
pork country style ribs raw,69.223
ham patties,33.6
pork feet cooked,11
ground pork cooked,220.513
pork centre loin chops cooked,59
pork leg cap steak cooked,77.6
pork blade chops raw,152.089
pork tenderloin raw,157.3
pork sirloin chops raw,314.931
pork leg cap steak raw,75.9
pork carcass raw,313.327
pork splean cooked,234
chopped ham,10.9
pork centre loin chops raw,98.301
pork blade chops cooked,59.882
boston butt steak cooked,130.498
pork meat raw,25.261
pork top loin chops raw,66.684
pork blade steak braised,115.063
pork boston steaks cooked,135.049
bacon cooked,6.747
pickled pork hocks,14.146
pork boston roast cooked,188.948
canadian style bacon grilled,10.6
ham steak,34.8
pork backfat,425.932
bacon baked,6.673
pork arm picnic raw,1202.1
salt pork raw,26
pork arm picnic cooked,1264.074
pork top loin chops cooked,51.481
ground pork raw,67.15
pork shoulder raw,235.572
pork chitterlings cooked,9.329
pork breakfast strips cooked,9.3
pork blade roll roasted,196.3
pork tail cooked,186
pork centre rib roasts raw,103.4
pork centre rib roasts roasted,331.5
minced ham,10.4
ham roasted,83.3
pork loin raw,60.563
pork backribs roasted,397.1
pork belly raw,309.486
ham raw,51.697
ham extra lean,10.3
pork feet pickled,245.019
pork shoulder cooked,95.226
pork top loin roasts roasted,306.4
pork skin,35.03
pork country style ribs cooked,68.402
pork blade steak raw,174.7
pork tenderloin cooked,34.679
pork loin cooked,56.575
pork ears cooked,51.6
pork tongue cooked,158
pork spareribs raw,710.5
ham patties grilled,33.9
chicken skin roasted,85.844
turkey breast raw,976.092
ground turkey raw,54.095
chicken wing cooked,11.058
turkey roast roasted,49.7
pheasant meat raw,403.9
chicken back raw,34.564
chicken back cooked,21.425
chicken leg fried,104.858
chicken feet cooked,558.5
turkey steak fried,41.229
turkey taco meat cooked,179.7
chicken leg raw,145.973
chicken meat raw,434.3
chicken neck cooked,25.616
chicken drumstick fried,46.519
quail egg,8.343
duck meat cooked,85.544
chicken wing roasted,35.155
quail meat cooked,276.4
goose meat cooked,88.168
chicken breast cooked,30.552
chicken neck raw,30.146
duck egg,67.2
pheasant breast raw,136.3
duck meat raw,850.5
squab meat raw,125.5
chicken drumstick raw,50.075
turkey meat roasted,76.629
chicken breast raw,72.834
ground chicken cooked,87.678
turkey wing cooked,121.3
goose meat raw,1117.2
turkey breast roasted,1011.2
chicken fajita strips,3.66
crispy chicken strips tyson,6
chocolate pudding fat free,72.4
tapioca pudding,108.8
tapioca pudding fat free,84.5
rice pudding,27.329
corn pudding,69.795
chocolate pudding,123.424
lemon pudding,188.516
vanilla pudding,115.796
profeel proteiinirahka valio,194.7
cottage cheese creamed,20.576
zaziki milfina,4.4
cottage cheese low fat,174.683
cottage cheese nonfat,150.072
vanilla yogurt low fat,470.265
classique yogurt plain 2 liberte,6.2
yoplait light strawberry yogurt yoplait,0.061
vanilla yogurt,326.243
chocolate yogurt,175
yogurt parfait,210.272
yogurt,199.51
chocolate frozen yogurt,227.929
frozen yogurt,225.163
yogurt low fat,484.517
vanilla yoghurt oikos,1.8
fruit yogurt,243.671
danone low fat alsafi,1.743
fruit n yogurt parfait mcdonalds,187.9
triple zero greek yogurt dannon oikos,22.598
greek yogurt,211.251
chocolate rasberry protein mini proteinfx,2.9
gushers fruit gushers,6.2
egg fried,42.904
glucerna abbott,169.3
sports drink,22.4
peanut butter cookie protein syntha 6,11
hanfprotein pulver rohkostqualitat veganz,17.3
smoothie high protein creamy chocolate slimfast,62.6
egg large,9.3
boysenberries frozen,65.7
malt beverage,37.8
chocolate powder for milk,128.5
vegetable fruit juice,12.912
cocoa powder unsweetened,14.3
coconut milk,8
cocoa powder,16.393
rice drink,25.883
coconut water,77.8
caramel med iced coffee dunkin donuts,9
instant coffee with water decaffeinated,8.247
instant coffee powder,233.5
instant coffee powder decaffeinated,4.121
instant cappuccino powder,29.908
coffee decaffeinated,5
espresso decaffeinated,1.391
instant coffee with water,8.027
coffee,5.09
espresso,1.263
whey protein powder vanilla eas,1.7
energy drink sugar free red bull,35.19
powerade coca cola,2.671
amp energy pepsi,61.067
gatorade g2 pepsi,0.69
amp energy sugar free pepsi,2.5
energy drink red bull,33.224
powerade zero ion4 coca cola,1.393
full throttle coca cola,61.049
passion fruit juice purple,94.1
pomegranate juice,61.8
cranberry apricot juice,62.9
pineapple juice,34.477
passion fruit juice yellow,119.3
orange apricot juice,96
tangerine juice,27.29
orange juice,23.177
grapefruit juice,24.254
pineapple grapefruit juice,163.4
tamarind nectar,83.6
apple juice,29.087
limeade,46.7
guava nectar,43.83
orange grapefruit juice,120.1
orange juice sainsburys,0.049
cranberry apple juice,143.5
pineapple orange juice,102.6
pear nectar,41.466
blackberry juice,81.6
lemon juice,18.9
cranberry grape juice,133.2
citrus fruit juice,121.7
prune juice,93.105
guanabana nectar,84.9
fruit juice,26.937
horchata,8.717
fruit punch,53.1
apricot nectar,58.1
orangensaft ja,1.4
fruchtcocktail granini,1.4
peach nectar,31.949
orange pineapple juice,18.261
cranberry juice,25.975
white grapefruit juice,140.9
mango nectar,34.447
acerola cherry juice,3911.4
apple juice concentrate,137.7
papaya nectar,38.657
apple juice martinellis,0
lime juice,129.3
grape juice,67.8
water dannon,9.9
tap water,7.1
table water,70
fruit flavored water,83.471
water,23.7
cola light coca cola,0
lemon lime soda,46.113
tonic water,33.038
lemonade low calorie,76.216
ginger ale,17.528
ice tea lemon flavor nestle,29.7
sprite coca cola,20.538
cola coca cola,46.4
cola,19.336
cream soda,90.6
club soda,0.025
pink lemonade,36.488
grape soda,53.2
cola without caffeine coca cola,46.381
white lemonade,21.02
chocolate soda,72.8
sweet tea lipton,35
hibiscus tea,73.7
instant lemon tea,0.494
pesca tea santal,0
instant lemon tea sweetened,28.147
tea with milk and sugar yorkshire,0.9
tea blueberry muffin tekanne,0.6
chamomile tea,4.6
black tea,0.72
herb tea,4.6
clam tomato juice,42
tomato juice,12.742
vegetable juice,15.538
tomato vegetable juice,109.3
carrot juice,88.3
acorn dried,42
fenugreek seeds,36
peanut topping mcdonalds,40.9
beechnuts dried,32.7
breadnut tree seeds raw,51.2
cumin seeds,23.2
pili nuts dried,292.2
hazelnuts roasted,70.6
lupins cooked,139.1
hazelnuts blanched,72.8
brazilnuts dried,13.139
sunflower seeds dry roasted,14.3
ginkgo nuts canned,75.4
peanuts cooked,218.8
pumpkin squash seeds dried,197
cashew nuts raw,39.5
sunflower seeds dried,85.4
lotus seeds dried,79.4
butternuts dried,190.6
sesame seeds dried,98.4
breadfruit seeds,28.2
pinyon pine nuts dried,0.359
pine nuts dried,163.7
flaxseeds,38.994
safflower seed kernels dried,48.7
pistachio nuts raw,268.1
peanuts raw,286.5
poppy seeds,136.934
valencia peanuts raw,242.9
spanish peanuts,308.1
dill seeds,109.7
caraway seeds,56.8
acorn raw,31.8
almonds roasted,119.9
lotus seeds raw,19
chestnuts cooked,30
alfalfa seeds,1.435
virginia peanuts roasted,57.4
hazelnuts raw,170.3
anise seeds,16.9
macadamia nuts roasted,53.5
studentenfutter alnatura,24.152
pumpkin squash seeds roasted,12.9
water chestnut raw,53.84
chestnuts roasted,17.9
ginkgo nuts raw,17.4
almonds raw,5.554
peanuts roasted,50.6
sunflower seeds toasted,229.6
sisymbrium seeds,1286.643
breadnut tree seeds dried,399.7
pecans raw,194.3
chia seeds dried,216.3
japanese chestnuts roasted,32.2
sesame seeds toasted,88.7
cashew nuts roasted,44.12
lupins raw,522.5
mustard seeds ground,7.6
mixed nuts roasted,53.1
salat mix alestro,7.6
chestnuts raw,187.6
pistachio nuts roasted,32.348
walnut,10.109
celery seeds,125.2
hickorynuts dried,200.2
spanish peanuts roasted,302.5
woca seeds dried,38.5
pecans roasted,53.2
fennel seeds,27.1
chinese chestnuts roasted,33.1
watermelon seed kernels dried,164.5
macadamia nuts raw,10.387
pectin,54.8
black walnut dried,8.347
water chestnut canned,30.594
ginkgo nuts dried,38.5
virginia peanuts raw,278.1
valencia peanuts roasted,47.8
nesfit diet cereal nestle,0
corn grits cooked,49.7
amaranth flakes,47.4
granola,109.142
muesli with fruit nuts,91.1
muesli master crumble,9.3
bran flakes,45.358
nut cereal,156.5
corn flakes,27.947
corn grits dry,9.7
margarine with yoghurt,12.971
sunflower seed butter,27.5
hazelnut oil,13.6
menhaden fish oil,218
cod liver fish oil,17.7
sardine oil,13.6
cupu assu oil,13.6
lard,12.8
sesame butter,172.4
margarine spread,7.547
lard vegetable oil,12.8
shortening,12.8
vegetable oil spread,11.613
cottonseed oil,13.6
vegetable oil spread fat free,7.001
soy margarine,12.642
margarine with salt,13.618
margarine,13.719
salmon fish oil,13.6
nutmeg butter oil,218
almond butter,73
sour cream shoprite,6
ucuhuba butter oil,13.6
chicken fat,12.8
herring fish oil,13.6
bacon grease,4.3
turkey fat,5
beef tallow,12.8
goose fat,5
duck fat,5
mutton tallow,5
grapeseed oil,13.6
sheanut oil,218
almond oil,13.6
sunflower oil,13.617
cashew butter,23.1
canola oil,14.132
babassu oil,218
teaseed oil,13.6
avocado oil,14
vegetable palm kernel oil,13.6
coconut oil,13.661
safflower oil,13.6
vegetable oil,13.706
apricot kernel oil,4.5
peanut oil,13.575
poppyseed oil,13.6
flaxseed oil,13.729
tomatoseed oil,218
wheat germ oil,13.6
sesame oil,4.5
corn granola oil,14
cocoa butter oil,13.6
olive oil,13.618
palm kernel oil,4.741
mustard oil,14
rice bran oil,13.689
vegetable macaroni dry,110.6
chow mein noodles,68.6
chinese noodles,112.906
vegetable macaroni cooked,63.1
corn pasta dry,110
egg noodles dry,49.598
whole wheat spaghetti dry,38
japanese soba noodles dry,36.1
rice noodles dry,30.6
spinach spaghetti dry,45.4
egg noodles cooked,26.542
japanese somen noodles cooked,70.8
whole wheat macaroni dry,150.2
pasta marinara and ground beef sauce,8.7
macaroni raw,122.7
spaghetti dry,32.9
fusilli cucina,3.8
japanese somen noodles dry,32.5
pasta cooked,87.985
macaroni cooked,55.217
spinach egg noodles dry,59.5
japanese soba noodles cooked,35.4
rice noodles cooked,54.9
whole wheat macaroni cooked,71.9
spaghetti cooked,90.8
whole wheat spaghetti cooked,74.3
waffle,234.547
baked taco shell,25.4
puff pastry,259
blueberry muffin,42.915
bread crumbs,305.5
warm cinnamon roll mcdonalds,39.264
corn muffin,96.069
tortilla,264.7
croutons seasoned,78.5
buttermilk waffle,123.4
flour tortilla,114.4
glazed donut,23.931
corn tortilla,34
muffin,151.166
croutons,14.2
donut with jelly filling,77.736
sweet cinnamon rolls,125.783
oat bran muffin,22.9
french cruller donut,45.42
pancakes,100.942
chocolate donut,179.637
sweet cheese rolls,124.9
eclair,68
donut with cream filling,75.331
fruit toaster pastry,53.4
donut,63.823
pancakes whole wheat,132.377
keikitos,63.9
zwieback,7.083
chocolate coated donut,20.16
waffle toasted,126.4
cinnamon toaster pastry,63.489
wheat bran bread,50.7
white bread,18.931
oat bran bread,38.121
whole wheat bread natures own,1
high protein bread dr zaks,18.3
wheat bread,19.619
egg bread toasted,65.618
butter toastbrot ja,2.9
vienna bread toasted,38.073
vienna bread,38.633
protein bread,36
banana bread,54.061
rice bran bread,36.2
white fibre wonder bread,24
focaccia,52.7
oat bran bread toasted,37.631
rye bread,45.6
wheat germ bread,43.598
protein bread toasted,35.3
oatmeal bread,36.227
arepa,137.897
raisin bread toasted,43.7
cracked wheat bread,32.2
garlic bread,42.646
rye bread toasted,45.128
whole wheat bread,49.4
whole wheat bread toasted,49.4
pan dulce bread,106.92
rice bran bread toasted,36.6
pita bread whole wheat,26
wheat germ bread toasted,43.706
pumpernickel bread,35.6
frybread,194.9
white bread toasted,54.3
piki bread,80.5
wheat bread toasted,59.243
pita bread,94.1
potato bread,22.272
egg bread,64.622
oatmeal bread toasted,36.622
cheese bread,81.937
pumpernickel bread toasted,43.4
raisin bread,44.09
pumpernickel roll,39.7
cinnamon raisin bagel,24.016
english muffin,137.3
rye dinner roll,44.9
english muffin whole wheat,214.8
dinner roll whole wheat,50.5
dinner roll,68.5
hotdog roll,27.796
bagel,63.783
oat bran bagel,58.051
pain au chocolat de la boulangerie,12
egg bagel,22.349
english muffin toasted,141.1
english muffin whole wheat toasted,216
biscuit,310.6
french roll,60.8
oat bran dinner roll,48.8
pecan shortbread cookies,18.349
oatmeal cookies,34.069
chocolate wafers,147.442
vanilla wafers low fat,116.995
chocolate chip cookies mcdonalds,38.09
gingersnap cookies,12.5
biscotti abbracci mulino bianco,3.8
chocolate chip cookie,13.122
brownie,71.166
shortbread cookies,10.729
oatmeal cookies with raisins,29.198
peanut butter sandwich cookies,21.624
sugar cookies,17.981
chocolate covered graham crackers,22.313
raisin cookies,20.215
vanilla wafers,7.5
graham crackers,104.5
peanut butter cookies,26.738
vanilla sandwich cookie,19.1
sugar wafers with creme filling,13.1
cheese puffs,54.854
saltine crackers,3.081
trail mix,51.1
corn cones,28.8
chocolate pretzels,18.726
french toast sticks,26.1
crackers,15.764
sesame sticks,26.81
cheese crackers,7.053
oriental rice cracker mix,46.416
breadsticks,29.9
milk crackers,29.845
matzo crackers whole wheat,37.2
matzo crackers with egg,38.972
granola bites,5.042
crackers whole wheat,40.4
tropical trail mix,218.6
soft pretzels,125.8
corn tostada shell,21.8
matzo crackers,31.9
sesame crunch,13.351
trail mix with chocolate chips,298.8
cracker meal,140.5
puffed rice,51.6
filinchen gutena,1.1
melba toast crackers,58.5
matzo crackers with egg onion,38.316
cornnuts,32.1
bagel chips,222.2
pretzels,29.214
potato raw,115.7
gatto di patate home made,13.4
baked potato,45.667
potato sticks,59.5
potato cooked,25.487
vivaldi potatoes sainsburys,0.1
potato ham chowder soup,35.5
russet potato raw,151.9
russet potato baked,161.1
french fries,5.362
potato scalloped,214.2
cottage fries,4.413
mashed potatoes,93.836
mashed potato with milk and butter,114.854
red potato raw,83
potato pancake,24.864
potato puffs,79.1
red potato baked,20.689
potatoes canned,179.8
potato skin raw,23.697
shoestring french fries,1.604
hash brown potato,27.245
baked chips lays,2
corn chips,30.501
nacho cheese tortilla chips low fat,62.9
corn chips barbecue,466
corn chips unsalted,202
potato chips fat free,339.1
sweet chilli kettle baked chips,6.3
taro chips,4.042
potato chips reduced fat,252.9
onion snacks,40.199
potato chips cheese,385.109
yuca cassava chips,2.621
tortilla chips low fat,74.368
ranch flavor tortilla chips,463.1
potato chips,46.8
tortilla chips,30.699
sweet potato chips,45.4
nacho cheese tortilla chips,30.369
vegetable chips,43
taco flavor tortilla chips,586.5
potato chips barbecue,362.5
pita chips,29.893
potato chips sour cream and onion,415.171
adobo fresco,503.4
chili pepper sauce red,6.755
creamy ranch sauce mcdonalds,24.274
catsup,8.299
chili pepper sauce green,12.206
red wine vinegar,1.221
fish sauce,9.498
coleslaw dressing reduced fat,16.403
sour dressing,16.853
guava sauce cooked,397.8
pizza sauce,35.8
sweetn sour sauce mcdonalds,13.7
nance syrup,3.227
french dressing reduced fat,9.052
peppercorn dressing,11.946
sorghum syrup,48
ranch dressing fat free,11.204
caesar dressing low calorie,7.293
sweet sour dressing,2.587
mayonnaise imitation fat free,4.313
sofrito,163.7
turkey gravy instant,14.333
teriyaki sauce,8.733
tomato sauce,20.864
barbecue sauce kraft,14.388
cranberry sauce sweetened,128.8
coleslaw dressing,11.62
onion gravy dry,89.6
corn syrup light,19.806
bacon tomato dressing,7.942
pancake syrup,15.031
balsamic vinegar,7.129
ranch dressing reduced fat,11.727
barbecue sauce mcdonalds,14.6
vinegar oil dressing,8.4
poppyseed dressing,19.612
honey mustard dressing,11.752
french dressing fat free,6.399
vinegar,1.02
spray dressing,2.931
honey mustard dressing fat free,10.426
mushroom gravy,41.7
white sauce,357.7
marinara pasta sauce,111
tomato sauce with mushrooms,92.8
pork gravy powder,15.363
beef gravy,41.982
green goddess dressing,13.2
salsa con queso,307.813
cocktail sauce,10.667
worcestershire sauce,24.673
barbecue sauce,13.1
tomato sauce with onions,108.2
brown gravy dry,13.021
blue cheese dressing light,13.835
spanish tomato sauce,96.3
oyster sauce,8.095
cheese sauce,51.263
hoisin sauce,13.882
pickle relish,6.381
tomato sauce with herbs cheese,157.1
french dressing,14.3
mayonnaise hellmanns,1.737
canadian maple syrup,49.95
maple syrup,33.895
barbecue sauce bulls eye,13.891
ranch dressing,8.046
tomato ketchup mp,0.2
mayonnaise light,4.966
mayonnaise dressing,12.917
malt syrup,29.3
gravy dry,59.4
cranberry orange relish,208.6
caesar dressing,16.717
italian dressing,5.108
brown gravy instant,14
roquefort cheese dressing,15.875
blue cheese dressing,14.429
duck sauce,24.017
au jus,22.4
corn syrup dark,19.122
buttermilk dressing light,11.699
cider vinegar,1.117
tartar sauce,9.096
pepper hot sauce,4.171
tomato chili sauce,4.085
turkey gravy dry,16.335
salsa sauce,7.524
steak sauce,8.815
molasses,56.848
italian dressing fat free,5.71
plum sauce,11.246
chow mein stir fry master foods,0.2
beef gravy instant,15.598
horseradish,1.133
grenadine,14.63
tabasco sauce,1.054
sweet sour sauce,10.183
salsa verde,4.826
miso,10.193
sprouted soybean cooked,83.6
soy flour roasted,249.7
soy flour low fat,350.6
green soybean cooked,30.78
azumaya tofu vitasoy,777
soy proteins isolate,82
tofu yogurt,56.57
bacon meatless,107.3
meatless chicken fried,120.6
soymilk,22.2
soy vermicelli,200.4
tofu fried,6.832
tempeh,253.1
koyadofu,17.237
meatless meatloaf,41.3
soya vanille joghurt alpro,1.9
soybean curd cheese,497.4
soy sauce,2.293
soybean dry roasted,233
soybean oil,13.67
meatless chicken,137.5
soybean cooked,72.517
soymilk nonfat,299.508
soy flour,5.488
soybean lecithin oil,13.6
tofu raw,918.8
soy chips,75.5
green soybean raw,677.3
soy proteins concentrate,132.7
soybean margarine,5.309
chocolate soymilk nonfat,310.107
okara,21.6
meatless meatballs,100.4
vanilla soymilk,91.4
soy meal raw,421.1
soymilk low fat,225.3
sprouted soybean raw,21.8
soybean raw,734
tempeh cooked,38.7
vanilla soymilk light,319.4
chocolate soymilk,35.156
soy oil,13.6
natto,39.429
chrysanthemum raw,5.285
gourd cooked,32.903
cauliflower raw,1.337
red cabbage raw,193.6
broccoli raab raw,3.861
napa cabbage cooked,39.7
kelp,9.303
shallots raw,5.833
bamboo shoots raw,19.3
jute cooked,226.4
red lettuce,1.595
broccoli cooked,38.3
romanesco raw,86
eggplant raw,98.3
leeks raw,16.132
lemongrass citronella,4.937
pumpkin cooked,17.005
celery cooked,20.767
serrano pepper,0.902
nopales raw,155.484
sweet potato leaves cooked,30
eggplant cooked,19
asparagus cooked,1.458
rutabaga cooked,112
parsnips raw,41.83
sour pickles,8.4
turnip greens cooked,251.2
jerusalem artichokes,63.742
collard raw,5.001
chrysanthemum cooked,8.597
oriental radish dried,848.6
tomatillos,38.2
taro shoots raw,31.723
acorn squash raw,247.8
leeks dried,18.709
cabbage raw,27.635
sweet red peppers cooked,137.9
sweet red peppers raw,215.3
cucumber peeled,4.903
purslane raw,40.5
peas onions cooked,63.8
tomato cooked,7.36
taro shoots cooked,52.3
scots kale raw,235.5
artichoke raw,25.274
navy bean sprouts raw,57.9
sweet pickles,136.1
oriental radish cooked,56.2
sweet potato leaves raw,37.6
irishmoss,4.975
drumstick leaves cooked,85.5
winter squash raw,60.5
pumpkin raw,45.1
chicory greens,3.279
spinach cooked,18.5
radish pickled,55.6
sweet onion,31.6
salsify cooked,99.2
radish seeds sprouted,34.5
turnips raw,17.384
burdock root raw,79.2
red cabbage cooked,19.534
jute raw,3.197
hot chile pepper dried,1.07
salsify raw,34.3
crookneck squash raw,59.6
indian squash cooked,12.2
poi,68.761
sesbania flower cooked,68.544
acorn squash cooked,155.7
cauliflower cooked,11.26
crookneck squash cooked,72.6
laver seaweed,3.176
mountain yam cooked,43.8
pumpkin flowers raw,23.71
mustard greens raw,110.7
arrowhead,4.68
japanese cabbage,89.6
mung bean sprouts cooked,37.9
scallop squash cooked,58.5
pumpkin leaves cooked,39.9
hungarian pepper,30.8
sweet potato baked,96.3
chinese cabbage pe tsai raw,83.7
taro raw,83.6
yam bean jicama,61.6
olives,9.479
mustard greens cooked,215.2
pumpkin flowers cooked,64.7
tree fern cooked,75.253
yellow corn raw,175
endive,33.7
wakame,134.7
tahitian taro raw,296.2
broccoli raw,11.548
sweet green peppers raw,146.2
chinese cabbage pak choi cooked,211.8
agar,0.587
watercress,1.59
beet greens cooked,218.9
winter squash cooked,76
new zealand spinach raw,52.8
okra,14.081
yautia tannier,56.9
mustard spinach cooked,414.9
rhubarb cooked,80.893
beets raw,19.395
drumstick pods raw,185.4
baby zucchini,6.89
onion raw,4.955
romanesco cooked,144.3
butternut squash raw,30.078
amaranth leaves,74.73
turnip greens raw,144.8
spaghetti squash raw,35.3
seaweed dry,98.8
yam cooked,45.477
corn dried,39.5
cucumber,36
arrowroot,35.2
cardoon raw,12
bamboo shoots cooked,5.76
summer squash raw,15.958
sweet potato raw,32.696
green tomato,81.1
beet greens raw,60.771
savoy cabbage cooked,17.612
witloof chicory,15.994
turnips cooked,12.408
dried tomatoes,4.838
radicchio,22.6
mixed vegetables cooked,37.698
yellow tomato,10.8
cardoon cooked,98.7
spinach raw,41.7
kale raw,75.973
drumstick pods cooked,156
kohlrabi raw,31.457
lentil sprouts,58.8
carrots raw,8.43
red chili peppers,77.2
fennel,28.2
sweet corn white,19.356
celeriac raw,20.499
hubbard squash raw,17.795
brussels sprouts cooked,23.5
carrots cooked,21.214
lambs quarters raw,3.658
lotus root cooked,6.591
split peas raw,340.4
scots kale cooked,253
corn cooked,29.288
radish raw,0.556
stinging nettles,444.816
baby carrots,6.999
sweet yellow peppers,378.5
taro leaves raw,49.7
corn raw,36.328
roselle,137.5
drumstick leaves raw,55
scallop squash raw,57.1
chicory roots,18.997
brussels sprouts raw,27.553
kale cooked,16.697
pupusas con frijoles,131.5
mustard cabbage,13.276
gourd raw,6.584
butternut squash cooked,142.8
burdock root cooked,128.7
cassava,85.964
peas carrots cooked,78.1
romaine lettuce,21.1
yam raw,51.39
chowchow pickles,149.4
prairie turnips raw,23.255
savoy cabbage raw,8.199
celery raw,2.212
celeriac cooked,57.5
mustard spinach raw,526.2
zucchini raw,15.151
okra cooked,164.2
white icicle radish,62
orange tomato,6.093
pumpkin leaves raw,22.7
spaghetti squash cooked,52.1
white corn cooked,30.302
artichoke cooked,28.845
avocado,87.302
string beans wellsley farms,2.09
lambs quarters cooked,552.2
peas cooked,43.499
beets cooked,7.012
shallots dried,1.07
green lettuce,8.829
kohlrabi cooked,16.506
kanpyo dried,45.8
prairie turnips boiled,20.299
broccoli raab cooked,9.289
summer squash cooked,17.09
taro cooked,53.993
spring onion scallions,2.554
hubbard squash cooked,21.554
jalapeno pepper,1.593
new zealand spinach cooked,125.3
sesbania flower raw,3.181
spirulina dried,17.6
chinese cabbage pe tsai cooked,64.2
zucchini cooked,65.6
green olives pickled,0.801
lotus root raw,132.2
grape leaves,57.8
dill pickled cucumber,68.1
skunk cabbage,79.4
banana pepper,35.6
oriental radish raw,188.7
purslane cooked,108.7
rhubarb raw,4.017
swamp cabbage,77.6
mung bean sprouts raw,2.418
onion cooked,2.171
swiss chard raw,32.314
peas raw,133.3
cabbage cooked,13.566
taro leaves cooked,190.9
leeks cooked,55.6
split peas cooked,104.3
sweet corn yellow,20.347
asparagus raw,1.326
collard cooked,329.4
swiss chard cooked,151.3
nopales cooked,262.963
tahitian taro cooked,274.3
chinese cabbage pak choi raw,109
green chili pepper,6.188
mountain yam raw,67
parsnips cooked,36.576
tomato stewed,24.1
sweet green peppers cooked,67.4
white corn raw,43.973
rutabaga raw,622.2
jalapeno peppers canned,60
pumpkin canned,107.7
peas onions canned,42.5
sweet mashed potato canned,162.1
hominy canned,49
tomato puree canned,32.936
dried tomatoes canned in oil,6.037
mixed vegetables canned,31.4
straw mushrooms canned,0.771
capers canned,4.856
red peppers canned,60.443
carrots canned,36.875
tomatoes in tomato juice canned,113.2
asparagus canned,154.4
sweet red peppers canned,132.3
onions canned,34.925
turnip greens canned,202.7
hearts of palm,26
spinach canned,245.8
sweet potato canned,324.9
corn canned,14.834
peas carrots canned,36.729
crookneck squash canned,42.9
tomatoes canned,134.6
pimento canned,193.8
sweet green peppers canned,132.3
peas canned,13.89
chili peppers canned,109.5
green peppers canned,60.468
grape leaves canned,93.7
sauerkraut canned,12.078
beets canned,61.8
stewed tomatoes canned,21.684
tomato paste canned,232.2
bacon ranch salad mcdonalds,250.3
caesar salad with grilled chicken mcdonalds,271.9
caesar salad mcdonalds,238.2
vegetable salad,56.916
vegetable salad with chicken,52.69
potato salad,132.547
taco salad taco bell,696.9
iceberg lettuce,3.064
cornsalad,3.593
potato salad with egg,113.038
side salad mcdonalds,41.4
caesar salad with crispy chicken mcdonalds,285.9
grape apple salad with walnuts,119.357
vegetable salad with cheese egg,86.317
celtuce,5.255
arugula,36.9
vegetable salad with shrimp,61.8
coleslaw,53.118
shiitake mushrooms cooked,3.573
shiitake mushrooms raw,2.788
crimini mushrooms,0.681
mushrooms raw,9.4
portabella mushrooms grilled,13.4
maitake mushrooms,0.374
shiitake mushrooms dried,4.01
chanterelle mushrooms,0.757
cloud ear fungus dried,88.9
mushrooms cooked,16.7
pepeao dried,22.1
truffles,29.59
jews ear,24.249
enoki mushrooms,0.433
morel mushrooms,1.727
portabella mushrooms raw,9.4
oyster mushroom,1.804
