food,Water
cream cheese,7.6
neufchatel cheese,53.6
requeijao cremoso light catupiry,0
ricotta cheese,14.7
cream cheese low fat,10
cream cheese fat free,12.9
gruyere cheese,9.3
cheddar cheese,10.3
parmesan cheese,5.4
romano cheese,1.5
parmesan cheese grated,1.1
port salut cheese,60
swiss cheese,9.4
goat cheese hard,8.2
gouda cheese,11.6
pepper jack cheese lucerne,0
caraway cheese,11.1
gjetost cheese,30.5
tilsit cheese,17.1
goat cheese,12.9
brick cheese,12.3
asadero cheese,47.6
camembert cheese,15.5
provolone cheese reduced fat,57.2
roquefort cheese,33.5
queso blanco cheese,57.5
queso seco cheese,40.9
goat cheese soft,17.2
mozzarella cheese,15
chihuahua cheese,51.7
limburger cheese,14.5
muenster cheese,55.1
queso fresco cheese,62.7
brie cheese,14.5
pimento cheese,54.7
mexican cheese,54
feta cheese,16.6
mozzarella cheese fat free,68
provolone cheese,54.1
anejo cheese,50.2
honey,3.6
apple butter,11.3
fruit jam,6.1
chocolate hazelnut spread,0.2
peanut butter,0.2
peanut spread,0.3
chicken spread,32.1
cheese spread,140.4
tahini,0.5
orange marmalade,6.6
american cheese spread,7.6
apricot jam,6.9
chunky peanut butter,0.2
ham and cheese spread,8.9
chicken and rice casserole homade,0
picnic loaf,16.9
corn tamale,101.8
baked potato with cheese sauce bacon,194.4
chinese egg roll,45
butter croissant,13.2
enchilada with cheese beef,128.4
corned beef hash with potatoes,166
biscuit with egg cheese bacon,62.3
bagel with ham egg cheese,88.7
quesadilla with chicken,76.7
corn rice,1.1
kung pao chicken,451.7
beef empanada,33.4
frijoles with cheese,115.4
burrito with beef,65.8
crispy chicken sandwich,57.9
enchilada with cheese,71.8
pork egg roll,43.6
corn on the cob with butter,105.2
pancakes with butter syrup,57.7
burrito with beans,57
scrambled eggs,31.3
baked potato with sour cream,209.7
turkey and gravy,204.2
chicken egg roll,43.3
vegetable egg roll,42.5
ham cheese roll,16.9
biscuit with ham,32.1
lemon chicken,363.6
hummus,159.6
croissant with egg cheese,57.7
enchirito with cheese beef beans,121
sweet sour pork,7.1
crab cake,32
egg dinner roll,10.6
english muffin with egg cheese sausage,80.6
buttermilk pancakes,20
omelet,46.4
taco with chicken cheese lettuce,57.3
spinach souffle,96.2
english muffin with cheese sausage,41
potato gratin,181.3
biscuit with egg,62.3
french fries deep fried,27.4
sweet sour chicken,9.5
burrito with beans beef,144.6
nachos with cinnamon sugar,1.1
arroz con grandules,67.7
chili con carne,191.5
arroz con abichuelas,105.6
biscuit with sausage,36.4
vegetarian stew,172.9
chicken sandwich with cheese,104.9
biscuit with egg steak,77.7
taco salad,108.5
succotash,131.3
nachos with cheese jalapeno peppers,87.1
biscuit with egg ham,108.7
ladyfingers,5.5
mozzarella steak fried,11.8
tamale navajo,126.7
blueberry pancakes,20.2
chimichanga with beef cheese,96.4
egg cheese sandwich,82.2
biscuit with egg bacon,70
pupusas con queso,58.9
apple croissant,26
refried red beans,164.8
tostada with guacamole,94.6
chicken sandwich,91.5
fried rice,85.4
pupusas del cerdo,64.8
turkey pot pie,260.8
cheese croissant,16.8
chimichanga with beef,88.2
french toast with butter,34.2
ham egg cheese sandwich,73.1
english muffin with butter,20.6
savoury noodle one pan dinner tandaco,0
ham cheese sandwich,74.2
sweet gefilte fish,33.7
poached egg,37.9
tostada with beef cheese,101.1
tostada with beans cheese,95.4
pork tamale,93.8
nachos with cheese,29.9
pulled pork in barbecue sauce,151.9
baked potato with cheese sauce,194.6
baked beans,130.3
arroz con frijoles,95.6
taco with beef cheese lettuce,39.3
burrito with beans cheese beef,65.9
egg mix,0.1
falafel,5.9
taco salad with chili con carne,133.6
wonton wrappers,9.2
hushpuppies,44.1
chicken pot pie,191.6
general tsos chicken,241.6
burrito with beans cheese,98.4
vegetarian fillets,38.3
biscuit with egg sausage,72.1
chicken chow mein,489.3
fruit burrito,26.4
arroz con leche,170.5
caramel custard flan,208.2
gelatin dessert,227.9
chocolate milk dessert,76.7
chocolate mousse,94.4
dulce de leche,5.5
apple crisp,177.4
spinach spaghetti cooked,95.4
corn pasta cooked,95.6
spaghetti with meat sauce,220.2
pasta with meatballs in tomato sauce,199.5
cheese tortellini,32.9
pasta with sliced franks in tomato sauce,197.1
lasagna,87.2
macaroni cheese,120.2
vegetable lasagna,161.7
spinach egg noodles cooked,109.6
cheese lasagna,176.9
pasta with tomato sauce,207
spinach pasta cooked,19.4
vegetable chicken soup,201
bean ham soup,195.8
cream of chicken soup,208.5
tomato soup canned,216.7
egg drop soup,223.8
scotch broth,249.7
cream of onion soup,247.1
chicken broth dry,0.1
vegetable soup with beef broth,204.8
chili with beans canned,193.3
beef noodle soup,211.1
consomme dry,235.9
chicken mushroom soup,101.3
beef vegetable soup,220.6
black bean soup,193.6
split pea soup with ham bacon,88.3
cream of mushroom soup,213.4
green pea soup,175.5
chicken broth soup,231.7
chicken mushroom chowder soup,453.8
chicken dumplings soup,249.8
chicken vegetable soup,207
turkey vegetable soup,223.9
wonton soup,203.3
beef stock,230.1
mushroom barley soup,258.9
gazpacho soup,346
beef mushroom soup,260.8
chicken rice soup,208.3
pepperpot soup,219.8
vegetable soup,214
chili beef soup,186.4
chicken soup,206.1
bean with frankfurters soup,207.6
pea soup,219
turkey soup,203.8
stockpot soup,211.3
hot sour soup,211.2
cheese soup,202.6
cream of potato soup,215.2
bean with bacon soup,237.8
fish stock,225.9
split pea soup with ham,177.3
beef broth soup,234.1
lentil soup with ham,212.7
tomato soup,119.6
fish broth,234.2
chili without beans canned,186.4
minestrone soup,204.1
clam chowder soup,212.4
tomato vegetable soup,230.9
cream of rice coup,213.5
cream of celery soup,214.1
chicken gravy,203.1
tomato rice soup,199
vegetable beef soup,258.7
tomato beef noodle soup,185.9
oyster stew soup,221.1
ramen noodle soup dry,4.2
chicken noodle soup,267.2
chicken bouillon dry,0.043
cream of asparagus soup,211.8
turkey noodle soup,217.7
cream of shrimp soup,213.8
bean with pork soup,182.4
chicken broth,229.8
beef broth powder,0.1
split pea soup,208.5
escarole soup,535.8
chicken stock,221.2
tomato bisque soup,194.3
shark fin soup,194.7
onion soup,212.4
chicken gumbo soup,221.8
crab soup,217.4
tripe soup,166.8
little india little lunch,0
original chicken sandwich chick fil a,0
sausage mcmuffin mcdonalds,44.8
sausage mcgriddles mcdonalds,54.1
crispy chicken drumstick kentucky fried chicken,26.6
chicken crispy drumsticks kentucky fried chicken,29.3
biscuit kentucky fried chicken,15.1
english muffin mcdonalds,0
french fries mcdonalds,42.9
hotdog,83.6
french fries burger king,32.5
original taco with beef cheese lettuce taco bell,39.3
hotdog with chili,54.5
chicken crispy wings kentucky fried chicken,18.4
egg white delight mcdonalds,0
french toast sticks burger king,7
mcchicken mcdonalds,60.4
nachos supreme taco bell,104.9
crispy chicken wing kentucky fried chicken,23.7
chicken strips burger king,15.5
crispy chicken breast kentucky fried chicken,92
sausage biscuit mcdonalds,40.6
sausage burrito mcdonalds,55.8
onion rings fried,1.6
onion rings burger king,22.3
turkey patty fried,13.9
hotcakes with syrup mcdonalds,89.7
crispy chicken thigh kentucky fried chicken,59.8
corn dog,39.2
chicken box mcdonalds,0
potato wedges kentucky fried chicken,59.2
scrambled eggs mcdonalds,34.1
egg mcmuffin mcdonalds,66.3
nachos taco bell,33.9
biscuit large mcdonalds,27.6
crispy chicken strips kentucky fried chicken,22.5
hotcakes mcdonalds,23.9
chicken crispy breast kentucky fried chicken,72
hotcakes sausage mcdonalds,107.4
chicken mcnuggets mcdonalds,7.5
chips chipotle,0
biscuit mcdonalds,23.3
rice bowl with chicken,19.6
spaghetti with meatballs,157.6
meat ravioli canned,205.1
cheese ravioli canned,195.8
premium crispy chicken ranch blt sandwich mcdonalds,116.7
steak sandwich,104.2
cheeseburger burger king,59.3
cheeseburger mcdonalds,53.6
double cheeseburger,107.5
double hamburger,206.8
premium grilled chicken classic sandwich mcdonalds,114.6
big n tasty with cheese mcdonalds,140.1
premium grilled chicken club sandwich mcdonalds,117.1
quarter pounder mcdonalds,86.1
premium crispy chicken classic sandwich mcdonalds,119.6
veggie burger,42.8
quarter pounder with cheese mcdonalds,97.3
beef sandwich steak raw,31.4
cheeseburger,55.3
premium grilled chicken ranch blt sandwich mcdonalds,108.3
double whopper with cheese burger king,212.6
big mac mcdonalds,112.3
sandwich with cold cuts,221
filet o fish mcdonalds,61.3
hand breaded chicken tenders carls jr,0
grilled chicken sandwich wendys,0
sandwich with roast beef,127.4
hamburger burger king,45.5
big n tasty mcdonalds,133.9
roast beef sandwich,74.4
roast beef sandwich with cheese,76.6
hamburger,43.5
premium fish sandwich burger king,106.6
whopper burger king,173.5
sandwich with tuna salad,139
original chicken sandwich burger king,89
double whopper burger king,206.8
premium crispy chicken club sandwich mcdonalds,122
hamburger mcdonalds,42.3
pepperoni pizza dominos,49
sausage pizza,49.9
pepperoni pizza,46.4
pepperoni pizza pizza hut,39.7
cheese pizza pizza hut,41.6
cheese pizza,46.2
cheese pizza dominos,48.5
meat vegetable pizza,68.5
sucker raw,126.7
northern pike raw,312.5
haddock cooked,119.5
burbot cooked,66.1
pollock cooked,217.5
rainbow smelt raw,22.3
whitefish cooked,100.2
walleye pike raw,126.1
carp cooked,118.4
wolffish cooked,176.7
snapper cooked,119.6
roe cooked,16.6
anchovy raw,20.8
herring raw,132.6
cod raw,187.6
tilapia raw,90.6
whiting cooked,53.8
skipjack tuna cooked,191.8
salmon cooked,230.5
chum salmon cooked,210.8
american shad cooked,85.3
shark cooked,17
trout cooked,39.3
swordfish raw,99.8
rainbow trout cooked,48.8
fish sandwich with cheese,61.3
jellyfish dried,39.4
mullet raw,91.6
halibut cooked,242.1
lingcod raw,202.6
orange roughy cooked,19
cisco raw,62.4
florida pompano cooked,55.4
snapper raw,167.6
fish sandwich,106.6
haddock raw,160.9
ocean perch raw,50.4
cuttlefish cooked,17.3
cod cooked,136.7
seatrout raw,185.9
flounder raw,137.9
spot cooked,34.6
walleye pike cooked,91.1
perch raw,47.5
pumpkin seed sunfish raw,38.2
salt mackerel,58.5
mackerel cooked,46.9
tilapia cooked,62.3
drum raw,153.1
atlantic croaker fried,52
pumpkin seed sunfish cooked,27.3
wolffish raw,244.5
bluefin tuna cooked,88.6
scup cooked,34.2
herring cooked,91.7
bluefish raw,106.3
sheepshead cooked,128.4
bass cooked,42.6
pout cooked,208.5
chinook salmon raw,283.7
rockfish raw,151
tilefish raw,304.6
scup raw,125.1
sablefish cooked,189.8
tuna salad,129.5
coho salmon cooked,95.8
roe raw,9.5
sea bass raw,101
pink salmon cooked,161.1
sockeye salmon cooked,208.7
whitefish raw,144.1
greenland halibut cooked,196.8
northern pike cooked,226.2
salmon raw,257
turbot cooked,224
surimi,21.6
chinook salmon cooked,202
mullet cooked,65.6
chum salmon raw,2.1
butterfish raw,23.7
sea bass cooked,72.9
greenland halibut raw,286.7
halibut raw,327.8
sturgeon cooked,95.1
fish fillet fried,48.7
rainbow trout raw,58.3
pout raw,286.4
rainbow smelt cooked,20.6
monkfish raw,23.6
trout raw,56.4
shark raw,20.8
burbot raw,91.9
dolphinfish cooked,113.2
crayfish cooked,22.9
dolphinfish raw,158.2
perch cooked,33.7
cusk raw,93.1
bluefin tuna raw,19.3
milkfish cooked,17.7
carp raw,166.4
sturgeon raw,21.7
orange roughy raw,21.4
catfish fried,51.2
cuttlefish raw,22.8
bass raw,59.8
flounder cooked,103
milkfish raw,20.1
eel raw,139.3
catfish raw,125.7
fish sticks,13.9
coho salmon raw,112
monkfish cooked,22.2
yellowtail cooked,196.6
yellowfin tuna cooked,19.5
ling cooked,111.6
eel cooked,16.8
sablefish raw,274.1
salmon nuggets,17.1
yellowtail raw,278.7
butterfish cooked,16.7
caviar,7.6
pollock raw,301.8
catfish cooked,106.7
whiting raw,73.8
pink salmon raw,240.2
yellowfin tuna raw,21
mackerel raw,71.2
turbot raw,314
cusk cooked,66.2
atlantic croaker raw,61.6
sucker cooked,91.7
spot raw,48.6
drum cooked,109.2
crayfish raw,3.4
tilefish cooked,210.7
bluefish cooked,73.3
grouper cooked,148.2
sheepshead raw,185.6
herring kippered,23.9
grouper raw,205.2
ocean perch cooked,37.1
ling raw,153.7
lingcod cooked,228.6
florida pompano raw,79.7
rockfish cooked,111.3
seatrout cooked,133.8
sockeye salmon raw,289.7
swordfish cooked,72.4
american shad raw,125.5
sardine canned in oil,88.8
anchovy canned in oil,2
salmon canned,261.1
sardines in tomato sauce canned,59.5
sockeye salmon canned,229.4
tuna canned,58.6
pink salmon canned,304.3
cod canned,235.9
eastern oyster canned,137.9
chum salmon canned,261.1
tuna canned in oil,114
wild pink salmon oceans,0
shrimp canned,97.1
alaska king crab raw,136.9
scallops fried,11.5
shrimp cooked,3.9
clams fried,5.8
alaska king crab cooked,103.9
scallops cooked,7
squid fried,51.6
oyster raw,41
abalone,63.4
queen crab raw,22.8
whelk cooked,9.1
oyster cooked,16
eastern oyster cooked,8
blue mussels cooked,122.3
octopus raw,22.7
spiny lobster cooked,108.8
blue mussels raw,120.9
queen crab cooked,63.8
dungeness crab cooked,93.1
dungeness crab raw,129.1
shrimp fried,7.2
shrimp raw,4.2
blue crab cooked,67.7
shrimp imitation,21.2
conch baked,88.1
squid raw,22.2
scallop raw,12.4
lobster raw,121.4
scallop imitation,20.9
blue crab raw,16.6
whelk raw,18.7
spiny lobster raw,154.8
clams canned,104.4
lobster cooked,117.2
eastern oyster fried,9.4
clams raw,179.3
octopus cooked,51.4
eastern oyster raw,12.1
oyster fried,11.1
sturgeon smoked,17.7
chinook salmon smoked,97.9
cisco smoked,19.8
haddock smoked,20.2
whitefish smoked,96.3
red salmon sockeye filets smoked,25.8
eggnog,209.7
beer light,313.1
beer budweiser,27.4
weizenbier erdinger,0
beer light budweiser,28
beer,303.5
root beer,440.2
whiskey sour mix,23.1
whiskey sour,77
tequila sunrise,166.3
daiquiri,41.8
pina colada,91.6
whiskey,14.7
rum,14
vodka smirnoff,0
coffee liqueur,9.1
gin,12.4
dessert wine sweet,72.6
chenin blanc white wine,128.4
gamay red wine,0
late harvest white wine,0
gewurztraminer white wine,127.9
burgundy red wine,171.2
zinfandel red wine,126
muller thurgau white wine,0
mouvedre red wine,0
table wine,128.1
wine light,136.5
white wine,127.7
petite sirah red wine,0
non alcoholic wine,29
pinot noir red wine,127.8
pinot gris grigio white wine,127.9
riesling white wine,128.1
barbera red wine,172.6
lemberger red wine,0
merlot red wine,127.3
sangiovese red wine,126.7
sauvignon blanc white wine,128.1
syrah red wine,127.2
carignane red wine,439.4
pinot blanc white wine,128.1
semillon white wine,0
dessert wine dry,0.062
red wine,127.1
cabernet sauvignon red wine,173.1
muscat white wine,128.5
cooking wine,4.4
chardonnay white wine,173.7
claret red wine,0
rice sake,115.2
fume blanc white wine,0
cabarnet franc red wine,127.3
chocolate frosting,3.5
white sugar,0.021
egg substitute,208.8
agave syrup,1.6
splenda sweetener,8.8
vanilla extract,2.2
egg yolk dried,0.1
granulated sugar,0.055
baking chocolate,0.4
bakers yeast,11.7
fondant,1.9
brown sugar,0.087
white frosting dry,3.9
maple sugar,1
fructose sweetener,0
saccharin sweetener,8.8
egg white raw,28.9
turbinado sugar,0.082
vanilla frosting,69.6
aspartame sweetener,8.8
egg raw,42.6
pineapple topping,112.2
egg white dried,0.6
egg yolk raw,8.9
baking soda,0.018
egg dried,0.2
strawberry topping,6.9
bakers yeast dry,0.2
almond paste,32
cream of tartar,0.032
popover dry mix,19.9
egg substitute powder,1.1
gelatin powder,0.7
tapioca pearls,16.7
baking powder,0.2
egg boiled,44.8
millet flour,12.8
triticale flour,13
corn flour white,11.2
rice flour brown,18.9
sorghum flour,12.2
cornmeal whole grain,12.5
cornmeal white,17.6
barley flour,17.9
safflower seed meal,1.8
sesame flour,1.1
whole grain wheat flour,12.9
corn flour yellow,12.8
corn flour whole grain,12.8
cottonseed flour low fat,2
sunflower seed flour,0.3
sesame meal,1.4
acorn flour,7.5
rice flour white,18.8
sesame flour low fat,2
potato flour,10.4
cornmeal yellow,17.6
rye flour,11.6
arrowroot flour,14.6
chickpea flour,9.5
wheat flour,14.9
cornstarch,10.6
carob flour,0.2
buckwheat flour,13.4
pecan pie,23.8
apple pie,59.1
vanilla wafer pie crust,15
chocolate pie crust,9.1
apple strudel,30.9
chocolate snack cake,9.3
fruit fried pie,48.1
pumpkin pie,90.7
corn cake,0.4
sponge snack cake,8.2
danish pastry with nuts,13.3
chocolate cream pie,43.1
angel food cake,9.3
lemon meringue pie,55
danish pastry with cinnamon,18.4
cinnamon coffeecake,12.5
cheesecake,36.5
fruitcake,10.9
egg custard,222.4
mince pie,61.7
yellow cake with chocolate frosting,32.2
danish pastry with fruit,27.3
white cake with coconut frosting,23.2
danish pastry with cheese,30.8
graham cracker pie crust,8
blueberry pie,75.3
yellow cake with vanilla frosting,14.1
pie crust,2.3
chocolate cake with chocolate frosting,30.4
cheese coffeecake,24.5
vanilla cream pie,59.2
pineapple cake,37.1
peach pie,63.6
fruit coffeecake,15.9
pound cake,7.4
pound cake bread,12.3
white cake,17.2
coffeecake with chocolate frosting,26.2
popcorn cake,0.5
banana cream pie,568.1
baked apple pie mcdonalds,10.5
sponge cake,18.5
yellow cake,17.1
shortcake,8
cherry pie,82.4
dutch apple pie,56.3
chocolate cake,23.2
marshmallow,3.3
sugar apple,56.4
toffee,0.04
vanilla fudge with nuts,2.3
peanuts chocolate coated,0.008
caramel with nuts chocolate coated,0.9
gingerbread,20.7
rolo nestle,0
vanilla fudge,3.1
halavah,2.6
praline,4
fruit juice bar,60.3
peanut brittle,0.2
butterscotch,0.3
chocolate coffee beans,0.7
nougat with almonds,0.3
carob,0.4
peanut butter fudge,1.7
sugar coated almonds,0.094
chocolate coated marshmallow,2.8
raisins chocolate coated,11.2
chewing gum sugarless,0.067
chewing gum,0.067
chocolate syrup,12.1
chocolate fudge syrup,4.1
m ms milk chocolate mars,0.7
milk chocolate with almonds,0.6
chocolate fudge,1.7
milk chocolate with rice cereal,0
m ms peanut chocolate mars,0.4
dark chocolate,0.3
chocolate semisweet,1.2
after eight mints nestle,0.5
milk chocolate,0.1
white chocolate,0.4
chocolate,0.2
twix mars,1.2
kit kat nestle,0.1
snickers mars,3.2
milky way mars,3.7
clif bar,7.5
gum drops,0.6
skittles wild berry mars,2.4
skittles original mars,2.4
skittles tropical mars,2.4
fruit leather,1.4
taffy,0.7
eisbonbons mac iver,0
caramels,0.9
hard candy,0.05
jellybeans,0.051
jellies,6.3
wheat germ toasted,1.7
crispy brown rice,1
bran flakes asda,0
amaranth cooked,184.9
triticale,20.2
barley raw,1.2
bulgur dry,4.5
cottonseed kernels roasted,6.9
rice bran,7.2
chaptti roti indian bread,0
quinoa cooked,132.5
dar vida swiss original,0
teff cooked,188.8
couscous dry,14.8
weetabix weetabix,0
oat bran cooked,184
buckwheat cooked,127.1
millet puffed,0.5
oat bran raw,32.4
popcorn oil popped,0.1
kamut cooked,105.6
wheat bran,5.7
cheese popcorn,0.3
raisin bran crunch kelloggs,0
couscous cooked,113.9
multigrain cheerios general mills,0
bulgur cooked,141.5
popcorn air popped,0.3
teff raw,17
spelt cooked,129.1
millet raw,17.3
popcorn unpopped,3
whole wheat cooked,202.3
wheat sprouted,51.6
whole wheat dry,2.8
caramel popcorn,0.8
wheat puffed,0.4
roggenmischbrot sonnenblumenkerne aldi,0
wheat germ,3.4
microwave popcorn,0.8
millet cooked,124.3
kamut raw,20.4
wheat durum,21
sorghum,17.7
white wheat,18.4
rye,17.9
spelt raw,19.2
buckwheat raw,1.2
honey cereali general mills,0
barley cooked,108
oats,0.8
amaranth raw,1.1
semolina,21.2
quinoa dry,8
wheat shredded,2.8
cattail,17.6
peanut granola bar,0.6
vanilla bluberry bar kind,0
coconut granola bar,1.7
almond granola bar,0.7
chocolate chip granola bar,0.6
fruit granola bar,3.3
granola bar,0.8
peanut bar,0.6
milk cereal bar,2.2
almond rice bar,1.9
fruit nut squares,1.9
rice wheat cereal bar,1.7
crisped rice bar,2
brown rice raw,19.2
rice pilaf cooked,158.2
beef flavored rice raw,15.1
wild rice cooked,121.2
wild rice raw,12.4
congee with pork shrimp and squid plus egg,0
white rice pasta cooked,144.9
chicken flavored rice raw,13.8
instant white rice raw,8
rice crisps,1.1
parboiled white rice raw,18.2
instant white rice cooked,118.8
rice pilaf raw,16.4
rice cracker cake,1.6
parboiled white rice cooked,111.2
white rice steamed,82.5
brown rice cake,0.5
glutinous white rice raw,19.4
white rice pasta raw,11.6
glutinous white rice cooked,133.3
brown rice cooked,142.3
beef flavored rice cooked,175.2
white rice cooked,108.1
chicken flavored rice cooked,161.5
white rice raw,21.5
cheese imitation,42.9
cheshire cheese,10.7
monterey cheese,46.3
edam cheese,12.5
fontina cheese,41
monterey cheese low fat,52
colby cheese,43.2
american cheese,9.9
blue cheese,12.7
nectarine,131.4
kiwifruit gold,66.8
prickly pear raw,17
pineapple,77.4
rowan,162.8
muscadine grapes,5.1
heidelbeeren jutro,0
prunes stewed,190.4
tangerine,64.7
prunes,2.8
lemon peel,1.6
banana,112.4
raspberries,8.6
apricot,30.2
strawberry guava,4.8
kiwifruit green,57.3
figs,39.6
clementine,64.1
orange,159.6
bartlett pear,148.9
red white currants,94
blueberries,124.6
mulberries,13.2
java plum,2.5
prune puree,5.4
applesauce,215.3
blackberries raw,126.9
plum,57.6
american grapes,2
peach,133.3
honeydew melon,159
yellow plantain fried,82.9
rose hips,74.5
lemons,51.6
lime,59.1
pomegranate,109.9
gooseberries,131.8
asian pear,107.7
abiyuch,182.2
horned melon kiwano,185.9
fruit walnut salad mcdonalds,200.5
grapefruit,110.1
japanese persimmon,134.9
wild raspberries,109.8
pink lady apple,0
maraschino cherries,2.9
black currants,91.8
plantain cooked,103.6
crab apple,86.8
pom potes materne,0
apple,155.7
cantaloupe melon,159.6
prickly pear cooked,5.7
guava,44.4
strawberries,10.9
japanese persimmon dried,7.8
watermelon,261.5
elderberries,115.7
kumquat,15.4
orange peel,4.4
pokeberry shoots cooked,153.3
breadfruit,155.4
pear,149.4
sour cherries,88.7
plantain raw,116.7
blackberries frozen,124.1
cherries,6.6
plantain fried,1.9
carambola starfruit,77.7
chayote cooked,149.5
apple dippers mcdonalds,59.5
white grapefruit,213.5
cherimoya,186.6
melon balls,156.1
golden delicious apple,93.5
pokeberry shoots raw,146.6
cranberries,39.2
quince,77.1
chayote raw,124.4
orange with peel,130.9
chokecherries,93.5
mango,280.4
wild plum,123.5
jeijoa,202.4
groundcherries,119.6
pesca,0
persimmon,16.1
grapes,3.9
rambutan canned,167
figs canned,23
prunes canned,165.4
pineapples canned,39.2
prune plums canned,38.6
tangerines canned,222.9
fruit cocktail canned,207.2
sour cherries canned,200.6
mangosteen canned,158.6
apricot juice,211.4
strawberries canned,191.4
peach canned,218.7
fruit salad canned,214.5
gooseberries canned,201.9
grapefruit canned,219.2
pear canned,65.7
raspberries canned,192.8
papaya canned,16.9
grapes canned,217.7
apple dried,214.5
peach dried,201.5
plantain chips,0.6
golden raisins,24.7
raisins seeded,27.3
zante currants dried,27.7
pear dried,9.6
raisins,4.6
prune plums dried,161.4
cranberries dried,19.2
figs dried,2.5
longans dried,0.3
banana chips,1.2
lychee dried,0.6
apricot dried,2.2
longan,2.6
mamey sapote,113.5
waxgourd cooked,168.1
jackfruit,25.7
loquats,17.3
mammy apple mamey,729.3
nance,90.3
coconut whole coconut,0
prickly pear,90.2
lychee,7.8
naranjilla lulo pulp,111.7
coconut meat dried,0.8
waxgourd raw,126.9
surinam cherry pitanga,6.4
passion fruit,13.1
sapodilla,132.6
pummelo,111.4
coconut meat,186.6
soursop,182.6
papaya,127.7
acerola cherry,4.4
ohelo berries,129.2
loganberries,124.4
casaba melon,156.1
durian,22.7
coriander leaves raw,14.8
garden cress raw,8
pasilla peppers dried,1
parsley dried,0.09
ancho pepper dried,3.8
coriander seeds,0.2
dill weed dried,7.3
borage,82.8
epazote,0.7
chives dried,0.091
thyme fresh,0.5
butterbur,121.4
wasabi root,89.8
rosemary dried,0.1
ginger root,1.6
white pepper,0.3
cloves ground,0.2
paprika,0.8
mace ground,0.4
bay leaf,0.07
eppaw,60
tarragon dried,0.068
ginger ground,0.2
savory ground,0.1
black pepper,0.3
spearmint fresh,4.9
poultry seasoning,0.4
nutmeg ground,0.1
curry powder,0.6
peppermint,1.3
salt,0.022
coriander leaves dried,0.009
sage ground,0.051
garlic powder,0.2
dill weed fresh,7.6
cardamom,0.2
saffron,0.086
allspice ground,0.2
parsley fresh,3.3
oregano dried,9.9
marjoram dried,0.1
chives raw,2.7
fireweed leaves,16.3
rosemary fresh,0.5
garlic,1.6
cinnamon ground,0.3
chervil dried,0.1
cayenne pepper,0.011
turmeric ground,0.2
mustard,4.2
chili powder,0.3
thyme dried,7.8
spearmint dried,0.029
basil dried,0.076
dandelion greens cooked,94.3
basil fresh,6.4
dock,123.7
garden cress cooked,124.9
onion powder,0.1
dandelion greens raw,47.1
yokan,5
fava beans cooked,121.6
french beans raw,19.8
chickpeas canned,168.8
yellow beans cooked,111.5
mung beans cooked,146.8
white beans canned,183.7
pink beans cooked,103.4
pink beans raw,21.1
navy beans raw,25.2
snap beans cooked,111.5
black eyed cowpeas raw,111.9
edamame cooked,112.8
black eyed cowpeas cooked,124.5
hyacinth beans cooked,0.003
cowpeas canned,191.1
pinto beans cooked,107.6
winged beans cooked,115.6
pinto beans raw,21.9
black turtle beans raw,20.2
fava beans raw,16.5
lima beans canned,185.8
hyacinth beans raw,19.7
white beans raw,22.9
snap beans canned,415.6
navy beans canned,184.6
mung beans raw,18.7
adzuki beans raw,26.5
black turtle beans cooked,121.6
pink lentils raw,22.6
yellow beans raw,21.8
white beans cooked,112.9
lentils raw,20
cranberry beans cooked,114.4
chickpeas raw,23.1
lentils cooked,137.9
baked beans canned,182.9
cranberry beans canned,201.7
black beans cooked,113.1
lima beans cooked,131.2
mungo beans raw,22.4
pigeon peas raw,21.7
fava beans canned,205.6
yellow snap beans raw,90.3
snap beans raw,90.3
yellow snap beans canned,227.2
pigeon peas cooked,115.2
catjang cowpeas raw,18.5
navy beans cooked,116.1
mothbeans raw,19
cowpeas cooked,49
mothbeans cooked,122.5
french beans cooked,117.8
lima beans raw,18.1
winged beans raw,15.2
adzuki beans cooked,152.5
black beans raw,21.4
catjang cowpeas cooked,119.2
baby lima beans cooked,130.2
cowpeas raw,80.8
shellie beans canned,222.2
yardlong beans raw,14.1
pinto beans canned,187.7
chickpeas cooked,98.7
cranberry beans raw,24.2
mungo beans cooked,130.5
tamarinds,0.6
yellow snap beans cooked,111.5
yardlong beans cooked,117.6
bacon beef steak,6.1
lamb foreshank raw,304
bacon,11.7
lamb rib cooked,122.1
lamb shank raw,304.7
scrapple,17.7
chicken nuggets,9.3
ground lamb cooked,172.4
lamb meat cooked,139.6
meat extender,6.6
lamb leg raw,291.8
lamb loin cooked,33
chicken patty,30.5
lamb shank roasted,163.2
barbecue loaf,14.9
lamb sirloin cooked,141.8
poultry salad,8.6
ground lamb raw,16.8
lamb loin raw,16
lamb sirloin raw,273.5
sausage patty mcdonalds,11.7
lamb foreshank cooked,84.1
ham salad,28.2
lamb rib raw,230.4
lamb shoulder raw,278.5
lamb meat raw,286.5
lamb shoulder cooked,98.5
mutton cooked,15.3
lamb leg cooked,152.3
beef stick,3.8
veal sirloin cooked,111.7
veal rib cooked,94.4
veal meat cooked,119.3
beef rib roasted,32
veal sirloin raw,325.9
beef top loin filet grilled,76.7
beef under blade steak cooked,260.9
mock tender steak raw,145.9
ground beef cooked,77.5
ground beef raw,246.7
beef diced asda,0
veal rib raw,322.7
ground veal raw,20.6
t bone steak cooked,197.8
veal leg round raw,339.3
beef top sirloin steak raw,401.8
beef plate steak grilled,89.5
ground veal cooked,199.6
veal leg round cooked,150.9
porterhouse steak raw,273.1
veal shank raw,348.9
veal breast cooked,158.3
corned beef canned,12.1
rib eye steak grilled,139.5
veal shoulder raw,0
t bone steak raw,282.5
sirloin steak,99.9
mock tender steak cooked,55.7
beef round steak cooked,126.8
chuck blade roast raw,277.7
beef shoulder steak raw,171.8
beef top blade cooked,52.3
corned beef cooked,12.6
beef round steak raw,313.2
beef shoulder steak grilled,54.4
chuck eye steak raw,247.6
beef bottom round steak cooked,261
porterhouse steak cooked,46.5
beef under blade steak raw,241.6
beef plate steak raw,168
beef meat canned,27.5
beef breakfast strips raw,10.2
beef brisket cooked,88.3
corned beef raw,301.9
beef mince meat asda,0
pastrami beef fat free,7.1
rib eye steak raw,205.4
beef tenderloin steak cooked,78.5
chuck blade roast cooked,117.7
cured beef dried,1.5
beef flank steak cooked,119.1
chuck eye steak grilled,170.1
veal meat raw,330.4
veal loin cooked,14.7
veal loin raw,19.9
veal shoulder cooked,107.7
beef tenderloin steak raw,100.9
veal shank cooked,119.8
beef brisket raw,277.1
pastrami beef,49.4
beef flank steak raw,19.7
beef top sirloin steak cooked,103.3
veal breast raw,307
beef rib raw,247.3
beef jerky,4.7
beef breakfast strips cooked,3
pork olive loaf,16.3
beef luncheon meat jellied,20.9
turkey pastrami,20.4
pork salami,3.6
canadian style bacon raw,19.1
honey loaf,38.4
pork beef salami,4
beef pork bologna,15.6
pork beef salami cooked,5.6
pork breakfast strips raw,10.7
pickle pimiento loaf,22.9
luxury loaf,19.1
mortadella,7.8
pork bologna,17
turkey salami cooked,3.4
pepperoni beef,0.6
peppered loaf,19.2
luncheon meat beef,6.9
lebanon bologna,37.5
chicken pork bologna,14.2
turkey roll,18.9
beef salami cooked,15.6
yachtwurst cooked,32.6
italian salami,3.5
turkey ham,20.2
turkey bologna,18.1
sliced turkey breast,12.2
luncheon meat pork beef,13.8
beef bologna,16.6
turkey bacon cooked,26.7
ground emu cooked,71.8
ostrich leg raw,64.6
ostrich strip raw,63
emu fillet cooked,261.7
ostrich tenderloin raw,63.3
emu drums cooked,267.5
green turtle raw,22.2
ground bison cooked,162.7
goat meat raw,344
ground emu raw,85.3
ground ostrich raw,77.5
ostrich tip cooked,58.2
caribou cooked,86.4
ground ostrich cooked,62.4
ostrich leg cooked,59.5
ostrich top loin cooked,57.8
ostrich strip cooked,56.6
ostrich tip raw,64.7
ostrich round raw,64.3
ground bison raw,60.9
ostrich fan raw,64.5
ostrich top loin raw,64
veal brain cooked,260.7
veal tongue cooked,163.4
beef heart cooked,18.6
turkey liver cooked,33.9
veal thymus cooked,20.8
beef brain cooked,248.3
beef pancreas cooked,123.4
beef tripe cooked,69.4
chicken gizzard cooked,98.5
pork pancreas cooked,147.7
beef tongue cooked,16.4
lamb heart cooked,122.6
beef spleen cooked,215.5
veal kidneys cooked,124.5
chicken heart cooked,94
lamb tongue cooked,147.5
veal heart cooked,123.1
chicken liver cooked,28.7
lamb pancreas cooked,137.8
veal spleen cooked,245.8
lamb liver cooked,190.4
turkey gizzard cooked,31.1
lamp spleen cooked,195.8
turkey heart cooked,13.4
beef liver cooked,40
lamb lungs cooked,288.9
pork brain cooked,289.9
goose liver,67.5
pork kidneys cooked,96.2
lamb brain cooked,262.8
pork heart cooked,98.7
lamb kidneys cooked,179.6
beef lungs cooked,231.5
veal pancreas cooked,133.7
pork liver cooked,227.7
beef kidneys cooked,18.9
turkey giblets cooked,63.3
duck liver raw,31.6
veal liver cooked,47.9
pork lungs cooked,240
veal lungs cooked,232.8
beef thymus cooked,201.3
ham,18.8
pork meat cooked,79.2
bacon roasted,1
pork top loin roasts raw,1539.6
pork blade roll raw,16.7
pork backribs raw,679.8
pork spareribs cooked,71.5
pork stomach cooked,20
honey smoked ham cooked,38.5
boston butt steak raw,313.8
pork sirloin chops cooked,53.9
pork country style ribs raw,87.3
ham patties,35.4
pork feet cooked,17.8
ground pork cooked,165.1
pork centre loin chops cooked,97.8
pork leg cap steak cooked,133.3
pork blade chops raw,191.6
pork tenderloin raw,378.6
pork sirloin chops raw,669.4
pork leg cap steak raw,173.7
pork carcass raw,226
pork splean cooked,199.4
chopped ham,18.3
pork centre loin chops raw,138.7
pork blade chops cooked,81.4
boston butt steak cooked,101.7
pork meat raw,7
pork top loin chops raw,130.2
pork blade steak braised,148.2
pork boston steaks cooked,96.8
bacon cooked,1.9
pickled pork hocks,19.2
pork boston roast cooked,150.6
canadian style bacon grilled,14.5
ham steak,41.2
pork backfat,34.9
bacon baked,1
pork arm picnic raw,1875.9
salt pork raw,3.1
pork arm picnic cooked,1351.9
pork top loin chops cooked,84.3
ground pork raw,76.3
pork shoulder raw,290.4
pork chitterlings cooked,19.2
pork breakfast strips cooked,3
pork blade roll roasted,211.2
pork tail cooked,128.4
pork centre rib roasts raw,146.2
pork centre rib roasts roasted,452.3
minced ham,12
ham roasted,85.3
pork loin raw,78.3
pork backribs roasted,481.3
pork belly raw,166.7
ham raw,93.2
ham extra lean,18.7
pork feet pickled,340.2
pork shoulder cooked,74
pork top loin roasts roasted,540.7
pork skin,0.5
pork country style ribs cooked,46.4
pork blade steak raw,276.5
pork tenderloin cooked,46.4
pork loin cooked,51.9
pork ears cooked,80.6
pork tongue cooked,131.4
pork spareribs raw,775
ham patties grilled,30.8
chicken skin roasted,45.1
turkey breast raw,1585.9
ground turkey raw,82.5
chicken wing cooked,13.1
turkey roast roasted,91.6
pheasant meat raw,542.2
chicken back raw,34.3
chicken back cooked,21.9
chicken leg fried,82.3
chicken feet cooked,298.5
turkey steak fried,31.6
turkey taco meat cooked,128.1
chicken leg raw,231.5
chicken meat raw,607.1
chicken neck cooked,23.5
chicken drumstick fried,38
quail egg,6.7
duck meat cooked,72.6
chicken wing roasted,50.5
quail meat cooked,271.8
goose meat cooked,72.7
chicken breast cooked,36.2
chicken neck raw,30
duck egg,49.6
pheasant breast raw,263.5
duck meat raw,615
squab meat raw,112.6
chicken drumstick raw,96.4
turkey meat roasted,95.3
chicken breast raw,120.9
ground chicken cooked,162.9
turkey wing cooked,110.7
goose meat raw,813.4
turkey breast roasted,1092.4
chicken fajita strips,6.6
crispy chicken strips tyson,0
chocolate pudding fat free,86.1
tapioca pudding,79
tapioca pudding fat free,85.4
rice pudding,84.9
corn pudding,180.8
chocolate pudding,104.2
lemon pudding,109.8
vanilla pudding,107.5
profeel proteiinirahka valio,0
cottage cheese creamed,16
zaziki milfina,0
cottage cheese low fat,186.4
cottage cheese nonfat,117.5
vanilla yogurt low fat,193.6
classique yogurt plain 2 liberte,0
yoplait light strawberry yogurt yoplait,0
vanilla yogurt,134.3
chocolate yogurt,107.4
yogurt parfait,117.7
yogurt,131.9
chocolate frozen yogurt,123.9
frozen yogurt,123.9
yogurt low fat,208.4
vanilla yoghurt oikos,0
fruit yogurt,113
danone low fat alsafi,0
fruit n yogurt parfait mcdonalds,111.2
triple zero greek yogurt dannon oikos,0
greek yogurt,144.7
chocolate rasberry protein mini proteinfx,0
gushers fruit gushers,0
egg fried,32
glucerna abbott,0
sports drink,232.3
peanut butter cookie protein syntha 6,0
hanfprotein pulver rohkostqualitat veganz,0
smoothie high protein creamy chocolate slimfast,15
egg large,0
boysenberries frozen,113.4
malt beverage,216
chocolate powder for milk,0.2
vegetable fruit juice,27.2
cocoa powder unsweetened,0.2
coconut milk,10.1
cocoa powder,0.1
rice drink,214.3
coconut water,228
caramel med iced coffee dunkin donuts,0
instant coffee with water decaffeinated,177.1
instant coffee powder,3.1
instant coffee powder decaffeinated,0.051
instant cappuccino powder,0.2
coffee decaffeinated,235.3
espresso decaffeinated,29.3
instant coffee with water,177.4
coffee,235.6
espresso,29.3
whey protein powder vanilla eas,0
energy drink sugar free red bull,245.9
powerade coca cola,27.1
amp energy pepsi,209.5
gatorade g2 pepsi,28.9
amp energy sugar free pepsi,236
energy drink red bull,230.2
powerade zero ion4 coca cola,29.5
full throttle coca cola,209.5
passion fruit juice purple,208
pomegranate juice,214
cranberry apricot juice,204.6
pineapple juice,215.9
passion fruit juice yellow,211.5
orange apricot juice,216.8
tangerine juice,219.6
orange juice,176.6
grapefruit juice,222.3
pineapple grapefruit juice,219.8
tamarind nectar,213.3
apple juice,218.8
limeade,212.6
guava nectar,209.6
orange grapefruit juice,218.9
orange juice sainsburys,0
cranberry apple juice,205.3
pineapple orange juice,217.3
pear nectar,210
blackberry juice,227.3
lemon juice,225.2
cranberry grape juice,209.7
citrus fruit juice,217.8
prune juice,208
guanabana nectar,212.6
fruit juice,172.7
horchata,24.6
fruit punch,208.6
apricot nectar,210.5
orangensaft ja,0
fruchtcocktail granini,0
peach nectar,217.3
orange pineapple juice,25.7
cranberry juice,174.3
white grapefruit juice,222.3
mango nectar,217.4
acerola cherry juice,228.2
apple juice concentrate,120.3
papaya nectar,212.6
apple juice martinellis,0
lime juice,219.7
grape juice,213.8
water dannon,330.9
tap water,236.8
table water,499.5
fruit flavored water,223.8
water,237
cola light coca cola,336.5
lemon lime soda,330.2
tonic water,306.1
lemonade low calorie,236.8
ginger ale,182.5
ice tea lemon flavor nestle,223.4
sprite coca cola,179.6
cola coca cola,329.8
cola,180.6
cream soda,428.3
club soda,199.8
pink lemonade,177.8
grape soda,330.3
cola without caffeine coca cola,329.8
white lemonade,178.7
chocolate soda,438.9
sweet tea lipton,0
hibiscus tea,179.3
instant lemon tea,199.2
pesca tea santal,0
instant lemon tea sweetened,236.2
tea with milk and sugar yorkshire,0
tea blueberry muffin tekanne,0
chamomile tea,199.4
black tea,236.3
herb tea,199.4
clam tomato juice,145.1
tomato juice,229
vegetable juice,226.3
tomato vegetable juice,226.3
carrot juice,177.7
acorn dried,1.4
fenugreek seeds,1
peanut topping mcdonalds,0.2
beechnuts dried,2
breadnut tree seeds raw,12.7
cumin seeds,0.2
pili nuts dried,3.3
hazelnuts roasted,0.8
lupins cooked,118
hazelnuts blanched,1.6
brazilnuts dried,0.2
sunflower seeds dry roasted,0.076
ginkgo nuts canned,113.1
peanuts cooked,75.2
pumpkin squash seeds dried,6.7
cashew nuts raw,1.5
sunflower seeds dried,2.2
lotus seeds dried,4.5
butternuts dried,4
sesame seeds dried,0.4
breadfruit seeds,16.9
pinyon pine nuts dried,0.045
pine nuts dried,3.1
flaxseeds,0.7
safflower seed kernels dried,1.6
pistachio nuts raw,4.8
peanuts raw,9.5
poppy seeds,0.5
valencia peanuts raw,6.2
spanish peanuts,9.3
dill seeds,0.5
caraway seeds,0.7
acorn raw,7.9
almonds roasted,0.8
lotus seeds raw,21.8
chestnuts cooked,19.3
alfalfa seeds,2.8
virginia peanuts roasted,0.7
hazelnuts raw,4
anise seeds,0.2
macadamia nuts roasted,0.5
studentenfutter alnatura,0
pumpkin squash seeds roasted,0.2
water chestnut raw,91.1
chestnuts roasted,6.1
ginkgo nuts raw,15.6
almonds raw,0.026
peanuts roasted,0.4
sunflower seeds toasted,1.3
sisymbrium seeds,4.5
breadnut tree seeds dried,10.4
pecans raw,3.8
chia seeds dried,1.6
japanese chestnuts roasted,14.1
sesame seeds toasted,0.3
cashew nuts roasted,0.7
lupins raw,18.8
mustard seeds ground,0.1
mixed nuts roasted,0.5
salat mix alestro,0
chestnuts raw,70.5
pistachio nuts roasted,0.6
walnut,0.2
celery seeds,0.4
hickorynuts dried,3.2
spanish peanuts roasted,2.6
woca seeds dried,2.6
pecans roasted,0.3
fennel seeds,0.2
chinese chestnuts roasted,11.4
watermelon seed kernels dried,5.5
macadamia nuts raw,0.011
pectin,4.4
black walnut dried,0.2
water chestnut canned,121
ginkgo nuts dried,3.5
virginia peanuts raw,10.1
valencia peanuts roasted,0.6
nesfit diet cereal nestle,0
corn grits cooked,213.1
amaranth flakes,1.1
granola,3.5
muesli with fruit nuts,5.1
muesli master crumble,0
bran flakes,1.4
nut cereal,2.6
corn flakes,0.9
corn grits dry,1.1
margarine with yoghurt,3.9
sunflower seed butter,0.1
hazelnut oil,0
menhaden fish oil,0
cod liver fish oil,0
sardine oil,0
cupu assu oil,0
lard,0
sesame butter,0.3
margarine spread,7
lard vegetable oil,0
shortening,0
vegetable oil spread,5.3
cottonseed oil,0
vegetable oil spread fat free,13.7
soy margarine,3.9
margarine with salt,2.3
margarine,2.3
salmon fish oil,0
nutmeg butter oil,0
almond butter,0.3
sour cream shoprite,0
ucuhuba butter oil,0
chicken fat,0.032
herring fish oil,0
bacon grease,0
turkey fat,0.014
beef tallow,0
goose fat,0.053
duck fat,0.015
mutton tallow,0
grapeseed oil,0
sheanut oil,0
almond oil,0
sunflower oil,0
cashew butter,0.5
canola oil,0
babassu oil,0
teaseed oil,0
avocado oil,0
vegetable palm kernel oil,0
coconut oil,0
safflower oil,0
vegetable oil,0
apricot kernel oil,0
peanut oil,0
poppyseed oil,0
flaxseed oil,0.04
tomatoseed oil,0
wheat germ oil,0
sesame oil,0
corn granola oil,0
cocoa butter oil,0
olive oil,0
palm kernel oil,0.064
mustard oil,0
rice bran oil,0
vegetable macaroni dry,8.3
chow mein noodles,0.7
chinese noodles,17.4
vegetable macaroni cooked,91.6
corn pasta dry,10.5
egg noodles dry,3.4
whole wheat spaghetti dry,2.1
japanese soba noodles dry,1.9
rice noodles dry,3.4
spinach spaghetti dry,2.4
egg noodles cooked,54.2
japanese somen noodles cooked,119.5
whole wheat macaroni dry,7.7
pasta marinara and ground beef sauce,0
macaroni raw,10.4
spaghetti dry,2.8
fusilli cucina,0
japanese somen noodles dry,2.6
pasta cooked,157.7
macaroni cooked,87
spinach egg noodles dry,3.3
japanese soba noodles cooked,83.2
rice noodles cooked,129.9
whole wheat macaroni cooked,94
spaghetti cooked,142.9
whole wheat spaghetti cooked,94
waffle,31.5
baked taco shell,0.8
puff pastry,18.1
blueberry muffin,14.2
bread crumbs,7
warm cinnamon roll mcdonalds,5.8
corn muffin,21.5
tortilla,78.7
croutons seasoned,1.4
buttermilk waffle,10.4
flour tortilla,15.9
glazed donut,2.9
corn tortilla,11
muffin,21.5
croutons,0.4
donut with jelly filling,30.3
sweet cinnamon rolls,20.6
oat bran muffin,6
french cruller donut,7.3
pancakes,20.1
chocolate donut,9.8
sweet cheese rolls,19.4
eclair,54.4
donut with cream filling,32.5
fruit toaster pastry,5.3
donut,8.8
pancakes whole wheat,23.2
keikitos,5.5
zwieback,0.3
chocolate coated donut,3
waffle toasted,10.1
cinnamon toaster pastry,5.4
wheat bran bread,13.6
white bread,10.6
oat bran bread,13.2
whole wheat bread natures own,0
high protein bread dr zaks,0
wheat bread,10.2
egg bread toasted,10.5
butter toastbrot ja,0
vienna bread toasted,6
vienna bread,8.9
protein bread,7.6
banana bread,16.6
rice bran bread,11.1
white fibre wonder bread,0
focaccia,26.2
oat bran bread toasted,10.4
rye bread,11.9
wheat germ bread,10.4
protein bread toasted,5.8
oatmeal bread,9.9
arepa,49.8
raisin bread toasted,8.1
cracked wheat bread,10.1
garlic bread,13.7
rye bread toasted,9
whole wheat bread,15
whole wheat bread toasted,10.9
pan dulce bread,13.6
rice bran bread toasted,9
pita bread whole wheat,8.6
wheat germ bread toasted,7.3
pumpernickel bread,9.9
frybread,48
white bread toasted,8.6
piki bread,2.5
wheat bread toasted,5.8
pita bread,19.3
potato bread,10.7
egg bread,13.9
oatmeal bread toasted,7.8
cheese bread,10.1
pumpernickel bread toasted,9.2
raisin bread,10.8
pumpernickel roll,9
cinnamon raisin bagel,8.3
english muffin,24.1
rye dinner roll,12.9
english muffin whole wheat,30.2
dinner roll whole wheat,9.3
dinner roll,10.4
hotdog roll,14.4
bagel,36.8
oat bran bagel,22.7
pain au chocolat de la boulangerie,0
egg bagel,8.5
english muffin toasted,17.1
english muffin whole wheat toasted,25
biscuit,29.2
french roll,13.2
oat bran dinner roll,14.5
pecan shortbread cookies,0.5
oatmeal cookies,1.4
chocolate wafers,5
vanilla wafers low fat,4.1
chocolate chip cookies mcdonalds,1.2
gingersnap cookies,0.4
biscotti abbracci mulino bianco,0
chocolate chip cookie,1.4
brownie,8.2
shortbread cookies,0.3
oatmeal cookies with raisins,1
peanut butter sandwich cookies,0.4
sugar cookies,0.7
chocolate covered graham crackers,0.4
raisin cookies,2
vanilla wafers,0.3
graham crackers,3.7
peanut butter cookies,1.2
vanilla sandwich cookie,0.3
sugar wafers with creme filling,0.2
cheese puffs,0.6
saltine crackers,0.1
trail mix,2.8
corn cones,0.6
chocolate pretzels,0.3
french toast sticks,7.3
crackers,0.5
sesame sticks,0.2
cheese crackers,0.2
oriental rice cracker mix,0.7
breadsticks,1.5
milk crackers,0.5
matzo crackers whole wheat,1.3
matzo crackers with egg,1.8
granola bites,0.4
crackers whole wheat,0.8
tropical trail mix,12.6
soft pretzels,17.3
corn tostada shell,0.4
matzo crackers,1.2
sesame crunch,0.073
trail mix with chocolate chips,9.6
cracker meal,8.7
puffed rice,1.1
filinchen gutena,0
melba toast crackers,1.5
matzo crackers with egg onion,2
cornnuts,0.4
bagel chips,8.8
pretzels,0.9
potato raw,169
gatto di patate home made,0
baked potato,129.6
potato sticks,0.8
potato cooked,46.2
vivaldi potatoes sainsburys,0
potato ham chowder soup,204.7
russet potato raw,290
russet potato baked,222.6
french fries,5.9
potato scalloped,198.3
cottage fries,4.4
mashed potatoes,192.7
mashed potato with milk and butter,158.8
red potato raw,172.4
potato pancake,10.5
potato puffs,76.4
red potato baked,65.2
potatoes canned,263.5
potato skin raw,31.7
shoestring french fries,1.2
hash brown potato,26.1
baked chips lays,0
corn chips,0.3
nacho cheese tortilla chips low fat,0.5
corn chips barbecue,2.4
corn chips unsalted,0.9
potato chips fat free,4.5
sweet chilli kettle baked chips,0
taro chips,0.064
potato chips reduced fat,1.7
onion snacks,0.6
potato chips cheese,3.1
yuca cassava chips,0.062
tortilla chips low fat,0.5
ranch flavor tortilla chips,6.2
potato chips,0.6
tortilla chips,0.8
sweet potato chips,1.3
nacho cheese tortilla chips,0.5
vegetable chips,1.8
taco flavor tortilla chips,3.6
potato chips barbecue,3.8
pita chips,0.6
potato chips sour cream and onion,3.6
adobo fresco,63.6
chili pepper sauce red,14.1
creamy ranch sauce mcdonalds,11.7
catsup,11.8
chili pepper sauce green,14.1
red wine vinegar,14.1
fish sauce,12.8
coleslaw dressing reduced fat,6.3
sour dressing,9
guava sauce cooked,213.2
pizza sauce,218.5
sweetn sour sauce mcdonalds,16.1
nance syrup,2.8
french dressing reduced fat,8.7
peppercorn dressing,4.3
sorghum syrup,4.8
ranch dressing fat free,9.6
caesar dressing low calorie,11
sweet sour dressing,15.3
mayonnaise imitation fat free,12.6
sofrito,122.9
turkey gravy instant,0.4
teriyaki sauce,12.2
tomato sauce,223.6
barbecue sauce kraft,8.7
cranberry sauce sweetened,168
coleslaw dressing,6.4
onion gravy dry,1
corn syrup light,5
bacon tomato dressing,8.8
pancake syrup,6
balsamic vinegar,12.2
ranch dressing reduced fat,9.3
barbecue sauce mcdonalds,16.2
vinegar oil dressing,7.6
poppyseed dressing,6.4
honey mustard dressing,4.9
french dressing fat free,10.4
vinegar,14.1
spray dressing,5.7
honey mustard dressing fat free,8.4
mushroom gravy,211.8
white sauce,187.2
marinara pasta sauce,230.7
tomato sauce with mushrooms,215.5
pork gravy powder,0.3
beef gravy,203.8
green goddess dressing,6.8
salsa con queso,184.3
cocktail sauce,9.9
worcestershire sauce,13.4
barbecue sauce,9.3
tomato sauce with onions,210.9
brown gravy dry,0.3
blue cheese dressing light,12.4
spanish tomato sauce,217.4
oyster sauce,14.4
cheese sauce,10
hoisin sauce,7.1
pickle relish,9.3
tomato sauce with herbs cheese,203.6
french dressing,5.8
mayonnaise hellmanns,0
canadian maple syrup,9.1
maple syrup,6.5
barbecue sauce bulls eye,8.8
ranch dressing,6.9
tomato ketchup mp,0
mayonnaise light,9.9
mayonnaise dressing,3.3
malt syrup,4.4
gravy dry,1
cranberry orange relish,146.3
caesar dressing,5
italian dressing,9.3
brown gravy instant,0.4
roquefort cheese dressing,11.9
blue cheese dressing,6
duck sauce,12.2
au jus,223
corn syrup dark,4.4
buttermilk dressing light,9.3
cider vinegar,14
tartar sauce,10.1
pepper hot sauce,4.2
tomato chili sauce,4.1
turkey gravy dry,0.3
salsa sauce,16.1
steak sauce,12.1
molasses,4.4
italian dressing fat free,12
plum sauce,10.2
chow mein stir fry master foods,0
beef gravy instant,0.3
horseradish,4.3
grenadine,6.5
tabasco sauce,4.5
sweet sour sauce,10.5
salsa verde,13.4
miso,8.6
sprouted soybean cooked,74.7
soy flour roasted,3.2
soy flour low fat,4.1
green soybean cooked,61.7
azumaya tofu vitasoy,331.8
soy proteins isolate,1.4
tofu yogurt,203.1
bacon meatless,70.5
meatless chicken fried,73.4
soymilk,221.1
soy vermicelli,16.7
tofu fried,6.6
tempeh,99
koyadofu,1
meatless meatloaf,32.5
soya vanille joghurt alpro,0
soybean curd cheese,159.5
soy sauce,11.4
soybean dry roasted,0.7
soybean oil,0
meatless chicken,98.9
soybean cooked,107.6
soymilk nonfat,225.2
soy flour,0.3
soybean lecithin oil,0
tofu raw,209.7
soy chips,2.4
green soybean raw,172.8
soy proteins concentrate,1.6
soybean margarine,0.7
chocolate soymilk nonfat,214.8
okara,99.6
meatless meatballs,83.5
vanilla soymilk,214
soy meal raw,8.5
soymilk low fat,218.4
sprouted soybean raw,48.3
soybean raw,15.9
tempeh cooked,16.9
vanilla soymilk light,223.6
chocolate soymilk,208
soy oil,0
natto,44
chrysanthemum raw,46.6
gourd cooked,150
cauliflower raw,12
red cabbage raw,153.7
broccoli raab raw,37
napa cabbage cooked,105
kelp,4.1
shallots raw,20
bamboo shoots raw,163.8
jute cooked,75.8
red lettuce,26.8
broccoli cooked,249.9
romanesco raw,57.5
eggplant raw,422.7
leeks raw,73.9
lemongrass citronella,3.4
pumpkin cooked,229.5
celery cooked,35.3
serrano pepper,5.5
nopales raw,80.9
sweet potato leaves cooked,57.1
eggplant cooked,88.8
asparagus cooked,13.9
rutabaga cooked,219.7
parsnips raw,135.2
sour pickles,145.8
turnip greens cooked,134.2
jerusalem artichokes,117
collard raw,32.3
chrysanthemum cooked,92.5
oriental radish dried,22.8
tomatillos,121
taro shoots raw,82.4
acorn squash raw,378.3
leeks dried,0.018
cabbage raw,258.1
sweet red peppers cooked,67.1
sweet red peppers raw,137.4
cucumber peeled,128.7
purslane raw,39.9
peas onions cooked,158.7
tomato cooked,116
taro shoots cooked,133.4
scots kale raw,58.3
artichoke raw,108.7
navy bean sprouts raw,82.3
sweet pickles,121.9
oriental radish cooked,139.7
sweet potato leaves raw,30.4
irishmoss,4.1
drumstick leaves cooked,34.3
winter squash raw,104.1
pumpkin raw,106.3
chicory greens,26.7
spinach cooked,164.2
radish pickled,137.3
sweet onion,302
salsify cooked,109.4
radish seeds sprouted,34.2
turnips raw,168.1
burdock root raw,94.5
red cabbage cooked,154.4
jute raw,24.6
hot chile pepper dried,0.087
salsify raw,102.4
crookneck squash raw,119.7
indian squash cooked,226.1
poi,171.9
sesbania flower cooked,97
acorn squash cooked,169.9
cauliflower cooked,115.3
crookneck squash cooked,169.7
laver seaweed,2.2
mountain yam cooked,111.9
pumpkin flowers raw,31.4
mustard greens raw,50.8
arrowhead,8.7
japanese cabbage,137.1
mung bean sprouts cooked,115.8
scallop squash cooked,171
pumpkin leaves cooked,65.7
hungarian pepper,24.7
sweet potato baked,86.4
chinese cabbage pe tsai raw,71.7
taro raw,73.5
yam bean jicama,117.1
olives,6.7
mustard greens cooked,128.5
pumpkin flowers cooked,127.6
tree fern cooked,125.8
yellow corn raw,17.2
endive,46.9
wakame,64
tahitian taro raw,110
broccoli raw,81.3
sweet green peppers raw,139.9
chinese cabbage pak choi cooked,162.4
agar,4.6
watercress,32.3
beet greens cooked,128.3
winter squash cooked,182.9
new zealand spinach raw,52.6
okra,10.7
yautia tannier,98.6
mustard spinach cooked,170.1
rhubarb cooked,162.7
beets raw,119.1
drumstick pods raw,88.2
baby zucchini,10.2
onion raw,35.6
romanesco cooked,109.2
butternut squash raw,172.8
amaranth leaves,25.7
turnip greens raw,49.3
spaghetti squash raw,92.5
seaweed dry,2.8
yam cooked,95.4
corn dried,1.8
cucumber,142.8
arrowroot,96.9
cardoon raw,167.3
bamboo shoots cooked,115.1
summer squash raw,246.1
sweet potato raw,100.5
green tomato,169.3
beet greens raw,34.6
savoy cabbage cooked,156.4
witloof chicory,50.1
turnips cooked,146
dried tomatoes,0.3
radicchio,60.5
mixed vegetables cooked,151.5
yellow tomato,202
cardoon cooked,112.2
spinach raw,27.4
kale raw,18.8
drumstick pods cooked,104.3
kohlrabi raw,241.2
lentil sprouts,51.9
carrots raw,53.9
red chili peppers,39.6
fennel,211.1
sweet corn white,55.5
celeriac raw,137.3
hubbard squash raw,102.1
brussels sprouts cooked,18.7
carrots cooked,41.5
lambs quarters raw,0.8
lotus root cooked,7.2
split peas raw,22.2
scots kale cooked,118.6
corn cooked,75.6
radish raw,4.3
stinging nettles,78
baby carrots,13.6
sweet yellow peppers,171.2
taro leaves raw,24
corn raw,108.8
roselle,49.4
drumstick leaves raw,16.5
scallop squash raw,122.4
chicory roots,72
brussels sprouts raw,16.3
kale cooked,106
pupusas con frijoles,65.7
mustard cabbage,117.9
gourd raw,89.2
butternut squash cooked,175.6
burdock root cooked,125.6
cassava,122.9
peas carrots cooked,137.3
romaine lettuce,44.5
yam raw,104.4
chowchow pickles,168.8
prairie turnips raw,7.7
savoy cabbage raw,63.7
celery raw,38.2
celeriac cooked,143.1
mustard spinach raw,138.3
zucchini raw,246.5
okra cooked,148.1
white icicle radish,95.4
orange tomato,105.2
pumpkin leaves raw,36.2
spaghetti squash cooked,143.1
white corn cooked,75
artichoke cooked,100.9
avocado,197.7
string beans wellsley farms,0
lambs quarters cooked,160
peas cooked,124.6
beets cooked,43.5
shallots dried,0.087
green lettuce,142.5
kohlrabi cooked,149
kanpyo dried,10.8
prairie turnips boiled,9.5
broccoli raab cooked,77.7
summer squash cooked,245.1
taro cooked,84.2
spring onion scallions,18
hubbard squash cooked,173.1
jalapeno pepper,12.8
new zealand spinach cooked,170.6
sesbania flower raw,2.7
spirulina dried,0.3
chinese cabbage pe tsai cooked,113.3
zucchini cooked,171.4
green olives pickled,2
lotus root raw,91
grape leaves,10.3
dill pickled cucumber,134.9
skunk cabbage,51.8
banana pepper,30.3
oriental radish raw,319.8
purslane cooked,107.5
rhubarb raw,47.7
swamp cabbage,91.1
mung bean sprouts raw,18.1
onion cooked,13.2
swiss chard raw,33.4
peas raw,114.3
cabbage cooked,138.9
taro leaves cooked,133.6
leeks cooked,112.6
split peas cooked,136.2
sweet corn yellow,55.9
asparagus raw,11.2
collard cooked,171.3
swiss chard cooked,162.1
nopales cooked,140.5
tahitian taro cooked,118.5
chinese cabbage pak choi raw,66.7
green chili pepper,39.5
mountain yam raw,110.8
parsnips cooked,128.4
tomato stewed,99.2
sweet green peppers cooked,67.1
white corn raw,126.1
rutabaga raw,690.4
jalapeno peppers canned,120.9
pumpkin canned,220.4
peas onions canned,103.7
sweet mashed potato canned,188.4
hominy canned,136.2
tomato puree canned,219.7
dried tomatoes canned in oil,1.6
mixed vegetables canned,221.1
straw mushrooms canned,4.9
capers canned,7.2
red peppers canned,67.5
carrots canned,422.2
tomatoes in tomato juice canned,226.3
asparagus canned,387.7
sweet red peppers canned,127.8
onions canned,59.3
turnip greens canned,136.4
hearts of palm,29.8
spinach canned,218.1
sweet potato canned,493.7
corn canned,66.1
peas carrots canned,224.8
crookneck squash canned,201.7
tomatoes canned,216.4
pimento canned,178.8
sweet green peppers canned,127.8
peas canned,65.5
chili peppers canned,129.6
green peppers canned,67.5
grape leaves canned,21.5
sauerkraut canned,131.4
beets canned,225.4
stewed tomatoes canned,233.4
tomato paste canned,192.6
bacon ranch salad mcdonalds,246.8
caesar salad with grilled chicken mcdonalds,245.5
caesar salad mcdonalds,191.1
vegetable salad,131.8
vegetable salad with chicken,126.5
potato salad,190
taco salad taco bell,358.8
iceberg lettuce,54.5
cornsalad,52
potato salad with egg,177.5
side salad mcdonalds,81.7
caesar salad with crispy chicken mcdonalds,243.4
grape apple salad with walnuts,124.7
vegetable salad with cheese egg,130.8
celtuce,7.6
arugula,18.3
vegetable salad with shrimp,140.2
coleslaw,140.2
shiitake mushrooms cooked,15
shiitake mushrooms raw,17.1
crimini mushrooms,5.5
mushrooms raw,64.7
portabella mushrooms grilled,109.7
maitake mushrooms,1
shiitake mushrooms dried,0.3
chanterelle mushrooms,4.9
cloud ear fungus dried,4.1
mushrooms cooked,142.1
pepeao dried,2.7
truffles,1.6
jews ear,91.7
enoki mushrooms,2.7
morel mushrooms,11.6
portabella mushrooms raw,79.8
oyster mushroom,13.4
